snapshot_date,material_id,warehouse_location,quantity_on_hand,lot_expiry_date
2025-01-31,MAT001,WH-E,174,2024-12-01
2025-01-31,MAT002,WH-D,241,2024-12-01
2025-01-31,MAT003,WH-B,383,2024-12-01
2025-01-31,MAT004,WH-C,162,2024-12-01
2025-01-31,MAT005,WH-C,438,2024-12-01
2025-01-31,MAT006,WH-B,429,2024-12-01
2025-01-31,MAT007,WH-A,337,2024-12-01
2025-01-31,MAT008,WH-B,241,2024-12-01
2025-01-31,MAT009,WH-B,102,2024-12-01
2025-01-31,MAT010,WH-C,242,2024-12-01
2025-01-31,MAT011,WH-B,283,2024-12-01
2025-01-31,MAT012,WH-C,230,2024-12-01
2025-01-31,MAT013,WH-A,152,2024-12-01
2025-01-31,MAT014,WH-A,113,2024-12-01
2025-01-31,MAT015,WH-D,497,2024-12-01
2025-01-31,MAT016,WH-D,499,2024-12-01
2025-01-31,MAT017,WH-E,238,2024-12-01
2025-01-31,MAT019,WH-D,481,2024-12-01
2025-01-31,MAT020,WH-B,126,2024-12-01
2025-01-31,MAT021,WH-D,417,2024-12-01
2025-01-31,MAT023,WH-B,368,2024-12-01
2025-01-31,MAT024,WH-E,238,2024-12-01
2025-01-31,MAT025,WH-D,241,2024-12-01
2025-01-31,MAT026,WH-C,3863,
2025-01-31,MAT027,WH-E,1101,
2025-01-31,MAT029,WH-C,2720,
2025-01-31,MAT030,WH-A,3852,
2025-01-31,MAT032,WH-D,3740,
2025-01-31,MAT034,WH-B,3046,
2025-01-31,MAT035,WH-D,4025,
2025-01-31,MAT036,WH-E,1153,
2025-01-31,MAT037,WH-D,1889,
2025-01-31,MAT038,WH-D,4603,
2025-01-31,MAT039,WH-C,4354,
2025-01-31,MAT040,WH-B,4684,
2025-01-31,MAT041,WH-D,4727,
2025-01-31,MAT042,WH-E,4343,
2025-01-31,MAT043,WH-D,4444,
2025-01-31,MAT044,WH-D,2953,
2025-01-31,MAT045,WH-A,1329,
2025-01-31,MAT047,WH-B,3591,
2025-01-31,MAT048,WH-C,3278,
2025-01-31,MAT049,WH-E,4384,
2025-01-31,MAT050,WH-A,1846,
2025-01-31,MAT051,WH-C,19276,2027-12-31
2025-01-31,MAT052,WH-E,18162,2027-12-31
2025-01-31,MAT053,WH-B,21005,2027-12-31
2025-01-31,MAT054,WH-E,20525,2027-12-31
2025-01-31,MAT055,WH-D,18500,2027-12-31
2025-01-31,MAT057,WH-D,18925,2027-12-31
2025-01-31,MAT058,WH-C,15415,2027-12-31
2025-01-31,MAT059,WH-E,21812,2027-12-31
2025-01-31,MAT060,WH-B,21521,2027-12-31
2025-01-31,MAT061,WH-E,22411,2027-12-31
2025-01-31,MAT062,WH-C,18736,2027-12-31
2025-01-31,MAT064,WH-B,23978,2027-12-31
2025-01-31,MAT065,WH-E,21199,2027-12-31
2025-01-31,MAT066,WH-E,19111,2027-12-31
2025-01-31,MAT068,WH-E,15509,2027-12-31
2025-01-31,MAT069,WH-A,20062,2027-12-31
2025-01-31,MAT070,WH-D,21264,2027-12-31
2025-01-31,MAT071,WH-A,22695,2027-12-31
2025-01-31,MAT073,WH-C,18235,2027-12-31
2025-01-31,MAT074,WH-E,21921,2027-12-31
2025-01-31,MAT075,WH-E,16521,2027-12-31
2025-01-31,MAT076,WH-C,321,2026-06-01
2025-01-31,MAT077,WH-B,754,2026-06-01
2025-01-31,MAT078,WH-B,748,2026-06-01
2025-01-31,MAT079,WH-D,490,2026-06-01
2025-01-31,MAT080,WH-A,217,2026-06-01
2025-01-31,MAT081,WH-B,746,2026-06-01
2025-01-31,MAT082,WH-D,641,2026-06-01
2025-01-31,MAT083,WH-C,664,2026-06-01
2025-01-31,MAT084,WH-C,289,2026-06-01
2025-01-31,MAT085,WH-E,785,2026-06-01
2025-01-31,MAT086,WH-B,384,2026-06-01
2025-01-31,MAT088,WH-C,220,2026-06-01
2025-01-31,MAT090,WH-D,700,2026-06-01
2025-01-31,MAT091,WH-C,305,2026-06-01
2025-01-31,MAT093,WH-B,697,2026-06-01
2025-01-31,MAT096,WH-D,275,2026-06-01
2025-01-31,MAT097,WH-C,224,2026-06-01
2025-01-31,MAT098,WH-D,569,2026-06-01
2025-01-31,MAT099,WH-C,232,2026-06-01
2025-01-31,MAT100,WH-D,420,2026-06-01
2025-02-28,MAT001,WH-A,325,2024-12-01
2025-02-28,MAT002,WH-D,220,2024-12-01
2025-02-28,MAT003,WH-B,276,2024-12-01
2025-02-28,MAT004,WH-A,274,2024-12-01
2025-02-28,MAT005,WH-A,107,2024-12-01
2025-02-28,MAT006,WH-D,323,2024-12-01
2025-02-28,MAT007,WH-E,156,2024-12-01
2025-02-28,MAT008,WH-E,211,2024-12-01
2025-02-28,MAT009,WH-E,191,2024-12-01
2025-02-28,MAT010,WH-E,442,2024-12-01
2025-02-28,MAT011,WH-A,391,2024-12-01
2025-02-28,MAT013,WH-A,468,2024-12-01
2025-02-28,MAT014,WH-A,116,2024-12-01
2025-02-28,MAT015,WH-B,347,2024-12-01
2025-02-28,MAT016,WH-E,360,2024-12-01
2025-02-28,MAT019,WH-C,127,2024-12-01
2025-02-28,MAT020,WH-A,441,2024-12-01
2025-02-28,MAT021,WH-D,315,2024-12-01
2025-02-28,MAT022,WH-D,364,2024-12-01
2025-02-28,MAT023,WH-E,149,2024-12-01
2025-02-28,MAT024,WH-C,296,2024-12-01
2025-02-28,MAT025,WH-C,445,2024-12-01
2025-02-28,MAT026,WH-A,2183,
2025-02-28,MAT027,WH-C,2814,
2025-02-28,MAT028,WH-D,3095,
2025-02-28,MAT029,WH-D,4055,
2025-02-28,MAT030,WH-B,4857,
2025-02-28,MAT031,WH-C,4099,
2025-02-28,MAT032,WH-C,2573,
2025-02-28,MAT033,WH-B,4230,
2025-02-28,MAT034,WH-C,3606,
2025-02-28,MAT036,WH-C,1318,
2025-02-28,MAT037,WH-D,4405,
2025-02-28,MAT038,WH-E,2420,
2025-02-28,MAT039,WH-A,2567,
2025-02-28,MAT040,WH-C,1472,
2025-02-28,MAT041,WH-E,4032,
2025-02-28,MAT043,WH-C,4387,
2025-02-28,MAT044,WH-B,4934,
2025-02-28,MAT046,WH-A,1618,
2025-02-28,MAT047,WH-C,4647,
2025-02-28,MAT048,WH-D,2499,
2025-02-28,MAT049,WH-A,1019,
2025-02-28,MAT050,WH-E,3683,
2025-02-28,MAT051,WH-E,16053,2027-12-31
2025-02-28,MAT052,WH-E,21133,2027-12-31
2025-02-28,MAT053,WH-D,15767,2027-12-31
2025-02-28,MAT054,WH-E,16755,2027-12-31
2025-02-28,MAT055,WH-D,16745,2027-12-31
2025-02-28,MAT056,WH-A,21803,2027-12-31
2025-02-28,MAT057,WH-E,20964,2027-12-31
2025-02-28,MAT058,WH-E,20775,2027-12-31
2025-02-28,MAT059,WH-E,15733,2027-12-31
2025-02-28,MAT060,WH-E,20509,2027-12-31
2025-02-28,MAT061,WH-A,23510,2027-12-31
2025-02-28,MAT062,WH-A,22595,2027-12-31
2025-02-28,MAT063,WH-A,16846,2027-12-31
2025-02-28,MAT064,WH-A,19512,2027-12-31
2025-02-28,MAT065,WH-B,17540,2027-12-31
2025-02-28,MAT066,WH-A,21520,2027-12-31
2025-02-28,MAT068,WH-E,21650,2027-12-31
2025-02-28,MAT070,WH-E,17837,2027-12-31
2025-02-28,MAT071,WH-D,16747,2027-12-31
2025-02-28,MAT072,WH-A,18181,2027-12-31
2025-02-28,MAT073,WH-D,15219,2027-12-31
2025-02-28,MAT074,WH-B,20597,2027-12-31
2025-02-28,MAT075,WH-D,24849,2027-12-31
2025-02-28,MAT076,WH-B,559,2026-06-01
2025-02-28,MAT077,WH-C,219,2026-06-01
2025-02-28,MAT079,WH-D,754,2026-06-01
2025-02-28,MAT081,WH-D,610,2026-06-01
2025-02-28,MAT082,WH-A,224,2026-06-01
2025-02-28,MAT083,WH-D,372,2026-06-01
2025-02-28,MAT084,WH-D,502,2026-06-01
2025-02-28,MAT085,WH-D,356,2026-06-01
2025-02-28,MAT086,WH-D,326,2026-06-01
2025-02-28,MAT087,WH-D,343,2026-06-01
2025-02-28,MAT088,WH-D,409,2026-06-01
2025-02-28,MAT089,WH-E,626,2026-06-01
2025-02-28,MAT090,WH-B,531,2026-06-01
2025-02-28,MAT091,WH-E,385,2026-06-01
2025-02-28,MAT092,WH-E,788,2026-06-01
2025-02-28,MAT094,WH-D,331,2026-06-01
2025-02-28,MAT096,WH-D,551,2026-06-01
2025-02-28,MAT097,WH-B,543,2026-06-01
2025-02-28,MAT098,WH-A,542,2026-06-01
2025-02-28,MAT099,WH-E,323,2026-06-01
2025-02-28,MAT100,WH-B,675,2026-06-01
2025-03-31,MAT001,WH-D,271,2024-12-01
2025-03-31,MAT002,WH-C,176,2024-12-01
2025-03-31,MAT003,WH-A,295,2024-12-01
2025-03-31,MAT004,WH-A,265,2024-12-01
2025-03-31,MAT005,WH-C,278,2024-12-01
2025-03-31,MAT006,WH-A,162,2024-12-01
2025-03-31,MAT007,WH-C,101,2024-12-01
2025-03-31,MAT008,WH-B,136,2024-12-01
2025-03-31,MAT009,WH-E,304,2024-12-01
2025-03-31,MAT010,WH-D,409,2024-12-01
2025-03-31,MAT012,WH-A,331,2024-12-01
2025-03-31,MAT013,WH-A,494,2024-12-01
2025-03-31,MAT014,WH-D,153,2024-12-01
2025-03-31,MAT015,WH-C,232,2024-12-01
2025-03-31,MAT017,WH-A,439,2024-12-01
2025-03-31,MAT018,WH-D,265,2024-12-01
2025-03-31,MAT019,WH-A,210,2024-12-01
2025-03-31,MAT020,WH-D,490,2024-12-01
2025-03-31,MAT021,WH-A,407,2024-12-01
2025-03-31,MAT022,WH-D,472,2024-12-01
2025-03-31,MAT024,WH-B,469,2024-12-01
2025-03-31,MAT027,WH-D,1845,
2025-03-31,MAT029,WH-D,1222,
2025-03-31,MAT030,WH-E,1613,
2025-03-31,MAT032,WH-B,3020,
2025-03-31,MAT034,WH-D,4311,
2025-03-31,MAT035,WH-E,4010,
2025-03-31,MAT036,WH-C,4335,
2025-03-31,MAT037,WH-C,1367,
2025-03-31,MAT038,WH-C,1066,
2025-03-31,MAT039,WH-E,4963,
2025-03-31,MAT040,WH-C,1596,
2025-03-31,MAT042,WH-B,3082,
2025-03-31,MAT043,WH-C,1514,
2025-03-31,MAT044,WH-C,3184,
2025-03-31,MAT045,WH-B,4194,
2025-03-31,MAT046,WH-E,3724,
2025-03-31,MAT049,WH-C,4976,
2025-03-31,MAT050,WH-A,1909,
2025-03-31,MAT051,WH-D,20526,2027-12-31
2025-03-31,MAT052,WH-C,21263,2027-12-31
2025-03-31,MAT053,WH-E,24243,2027-12-31
2025-03-31,MAT054,WH-D,20642,2027-12-31
2025-03-31,MAT055,WH-E,23627,2027-12-31
2025-03-31,MAT056,WH-E,24434,2027-12-31
2025-03-31,MAT057,WH-E,23004,2027-12-31
2025-03-31,MAT058,WH-C,15555,2027-12-31
2025-03-31,MAT059,WH-D,15557,2027-12-31
2025-03-31,MAT060,WH-C,24855,2027-12-31
2025-03-31,MAT061,WH-E,19345,2027-12-31
2025-03-31,MAT062,WH-A,21299,2027-12-31
2025-03-31,MAT063,WH-D,22453,2027-12-31
2025-03-31,MAT064,WH-C,22384,2027-12-31
2025-03-31,MAT065,WH-A,22875,2027-12-31
2025-03-31,MAT066,WH-C,23578,2027-12-31
2025-03-31,MAT067,WH-E,20281,2027-12-31
2025-03-31,MAT070,WH-C,17042,2027-12-31
2025-03-31,MAT072,WH-A,17380,2027-12-31
2025-03-31,MAT073,WH-E,24035,2027-12-31
2025-03-31,MAT074,WH-C,17386,2027-12-31
2025-03-31,MAT075,WH-E,15322,2027-12-31
2025-03-31,MAT076,WH-E,405,2026-06-01
2025-03-31,MAT077,WH-C,303,2026-06-01
2025-03-31,MAT078,WH-C,647,2026-06-01
2025-03-31,MAT079,WH-D,348,2026-06-01
2025-03-31,MAT080,WH-E,660,2026-06-01
2025-03-31,MAT081,WH-A,681,2026-06-01
2025-03-31,MAT083,WH-B,266,2026-06-01
2025-03-31,MAT084,WH-C,742,2026-06-01
2025-03-31,MAT085,WH-B,661,2026-06-01
2025-03-31,MAT086,WH-A,498,2026-06-01
2025-03-31,MAT087,WH-B,240,2026-06-01
2025-03-31,MAT088,WH-D,239,2026-06-01
2025-03-31,MAT089,WH-A,507,2026-06-01
2025-03-31,MAT091,WH-C,456,2026-06-01
2025-03-31,MAT092,WH-B,357,2026-06-01
2025-03-31,MAT093,WH-B,517,2026-06-01
2025-03-31,MAT094,WH-A,261,2026-06-01
2025-03-31,MAT095,WH-B,388,2026-06-01
2025-03-31,MAT096,WH-A,483,2026-06-01
2025-03-31,MAT097,WH-C,730,2026-06-01
2025-03-31,MAT098,WH-B,431,2026-06-01
2025-03-31,MAT099,WH-A,781,2026-06-01
2025-03-31,MAT100,WH-A,340,2026-06-01
2025-04-30,MAT002,WH-D,289,2024-12-01
2025-04-30,MAT003,WH-A,127,2024-12-01
2025-04-30,MAT005,WH-B,256,2024-12-01
2025-04-30,MAT006,WH-A,105,2024-12-01
2025-04-30,MAT007,WH-E,194,2024-12-01
2025-04-30,MAT009,WH-D,123,2024-12-01
2025-04-30,MAT010,WH-C,481,2024-12-01
2025-04-30,MAT012,WH-D,417,2024-12-01
2025-04-30,MAT013,WH-A,153,2024-12-01
2025-04-30,MAT014,WH-D,159,2024-12-01
2025-04-30,MAT015,WH-D,270,2024-12-01
2025-04-30,MAT016,WH-A,369,2024-12-01
2025-04-30,MAT017,WH-B,299,2024-12-01
2025-04-30,MAT018,WH-D,478,2024-12-01
2025-04-30,MAT020,WH-B,111,2024-12-01
2025-04-30,MAT021,WH-B,174,2024-12-01
2025-04-30,MAT022,WH-A,350,2024-12-01
2025-04-30,MAT023,WH-D,144,2024-12-01
2025-04-30,MAT024,WH-C,212,2024-12-01
2025-04-30,MAT025,WH-D,461,2024-12-01
2025-04-30,MAT026,WH-A,4199,
2025-04-30,MAT027,WH-A,1376,
2025-04-30,MAT028,WH-B,1540,
2025-04-30,MAT031,WH-A,4302,
2025-04-30,MAT032,WH-E,4918,
2025-04-30,MAT033,WH-A,4934,
2025-04-30,MAT034,WH-D,1368,
2025-04-30,MAT035,WH-B,1114,
2025-04-30,MAT037,WH-D,2833,
2025-04-30,MAT038,WH-C,3705,
2025-04-30,MAT039,WH-B,4043,
2025-04-30,MAT041,WH-B,3240,
2025-04-30,MAT042,WH-A,1055,
2025-04-30,MAT043,WH-B,4467,
2025-04-30,MAT044,WH-E,4180,
2025-04-30,MAT045,WH-E,1915,
2025-04-30,MAT046,WH-A,3691,
2025-04-30,MAT047,WH-B,1102,
2025-04-30,MAT048,WH-A,2532,
2025-04-30,MAT049,WH-C,1954,
2025-04-30,MAT050,WH-D,2881,
2025-04-30,MAT051,WH-C,17926,2027-12-31
2025-04-30,MAT054,WH-C,19606,2027-12-31
2025-04-30,MAT055,WH-C,17415,2027-12-31
2025-04-30,MAT056,WH-C,22234,2027-12-31
2025-04-30,MAT057,WH-A,21781,2027-12-31
2025-04-30,MAT058,WH-E,22351,2027-12-31
2025-04-30,MAT059,WH-E,15548,2027-12-31
2025-04-30,MAT060,WH-E,22916,2027-12-31
2025-04-30,MAT061,WH-A,23756,2027-12-31
2025-04-30,MAT062,WH-E,24354,2027-12-31
2025-04-30,MAT063,WH-B,21350,2027-12-31
2025-04-30,MAT064,WH-D,16879,2027-12-31
2025-04-30,MAT065,WH-B,22589,2027-12-31
2025-04-30,MAT066,WH-C,15493,2027-12-31
2025-04-30,MAT067,WH-C,23874,2027-12-31
2025-04-30,MAT068,WH-A,24197,2027-12-31
2025-04-30,MAT069,WH-D,23922,2027-12-31
2025-04-30,MAT070,WH-B,18096,2027-12-31
2025-04-30,MAT071,WH-A,21324,2027-12-31
2025-04-30,MAT072,WH-C,15592,2027-12-31
2025-04-30,MAT073,WH-C,24566,2027-12-31
2025-04-30,MAT074,WH-A,17030,2027-12-31
2025-04-30,MAT076,WH-B,221,2026-06-01
2025-04-30,MAT077,WH-B,549,2026-06-01
2025-04-30,MAT078,WH-B,707,2026-06-01
2025-04-30,MAT079,WH-B,493,2026-06-01
2025-04-30,MAT080,WH-C,364,2026-06-01
2025-04-30,MAT081,WH-E,450,2026-06-01
2025-04-30,MAT082,WH-E,633,2026-06-01
2025-04-30,MAT083,WH-B,356,2026-06-01
2025-04-30,MAT084,WH-D,459,2026-06-01
2025-04-30,MAT087,WH-A,532,2026-06-01
2025-04-30,MAT089,WH-D,798,2026-06-01
2025-04-30,MAT090,WH-B,457,2026-06-01
2025-04-30,MAT091,WH-A,617,2026-06-01
2025-04-30,MAT092,WH-C,309,2026-06-01
2025-04-30,MAT093,WH-B,555,2026-06-01
2025-04-30,MAT094,WH-A,573,2026-06-01
2025-04-30,MAT095,WH-A,267,2026-06-01
2025-04-30,MAT096,WH-D,410,2026-06-01
2025-04-30,MAT097,WH-B,554,2026-06-01
2025-04-30,MAT099,WH-E,787,2026-06-01
2025-05-31,MAT001,WH-C,147,2024-12-01
2025-05-31,MAT002,WH-D,422,2024-12-01
2025-05-31,MAT003,WH-D,150,2024-12-01
2025-05-31,MAT004,WH-B,468,2024-12-01
2025-05-31,MAT005,WH-E,293,2024-12-01
2025-05-31,MAT006,WH-B,157,2024-12-01
2025-05-31,MAT007,WH-C,473,2024-12-01
2025-05-31,MAT008,WH-D,377,2024-12-01
2025-05-31,MAT009,WH-B,288,2024-12-01
2025-05-31,MAT010,WH-B,374,2024-12-01
2025-05-31,MAT011,WH-C,188,2024-12-01
2025-05-31,MAT013,WH-B,241,2024-12-01
2025-05-31,MAT014,WH-D,172,2024-12-01
2025-05-31,MAT015,WH-C,132,2024-12-01
2025-05-31,MAT016,WH-C,457,2024-12-01
2025-05-31,MAT018,WH-B,178,2024-12-01
2025-05-31,MAT019,WH-C,282,2024-12-01
2025-05-31,MAT020,WH-B,187,2024-12-01
2025-05-31,MAT022,WH-E,394,2024-12-01
2025-05-31,MAT024,WH-C,445,2024-12-01
2025-05-31,MAT025,WH-E,285,2024-12-01
2025-05-31,MAT026,WH-D,2517,
2025-05-31,MAT027,WH-A,1464,
2025-05-31,MAT028,WH-C,2773,
2025-05-31,MAT029,WH-E,1650,
2025-05-31,MAT030,WH-A,2022,
2025-05-31,MAT031,WH-A,2687,
2025-05-31,MAT032,WH-D,3454,
2025-05-31,MAT033,WH-A,2683,
2025-05-31,MAT034,WH-C,4831,
2025-05-31,MAT035,WH-B,2876,
2025-05-31,MAT038,WH-B,4234,
2025-05-31,MAT039,WH-D,2688,
2025-05-31,MAT040,WH-B,2739,
2025-05-31,MAT041,WH-A,1870,
2025-05-31,MAT042,WH-C,3099,
2025-05-31,MAT043,WH-E,3082,
2025-05-31,MAT044,WH-D,3552,
2025-05-31,MAT045,WH-E,3570,
2025-05-31,MAT047,WH-A,3749,
2025-05-31,MAT048,WH-A,3503,
2025-05-31,MAT049,WH-C,4978,
2025-05-31,MAT051,WH-A,22866,2027-12-31
2025-05-31,MAT052,WH-D,24717,2027-12-31
2025-05-31,MAT053,WH-E,23340,2027-12-31
2025-05-31,MAT054,WH-E,16659,2027-12-31
2025-05-31,MAT055,WH-D,20735,2027-12-31
2025-05-31,MAT056,WH-A,20740,2027-12-31
2025-05-31,MAT057,WH-D,23138,2027-12-31
2025-05-31,MAT059,WH-B,20803,2027-12-31
2025-05-31,MAT060,WH-D,17238,2027-12-31
2025-05-31,MAT061,WH-A,24802,2027-12-31
2025-05-31,MAT062,WH-A,19716,2027-12-31
2025-05-31,MAT063,WH-D,21318,2027-12-31
2025-05-31,MAT064,WH-B,19207,2027-12-31
2025-05-31,MAT065,WH-A,19277,2027-12-31
2025-05-31,MAT067,WH-C,19802,2027-12-31
2025-05-31,MAT068,WH-D,24561,2027-12-31
2025-05-31,MAT069,WH-A,18772,2027-12-31
2025-05-31,MAT070,WH-A,17762,2027-12-31
2025-05-31,MAT071,WH-A,19023,2027-12-31
2025-05-31,MAT072,WH-A,19233,2027-12-31
2025-05-31,MAT073,WH-A,16720,2027-12-31
2025-05-31,MAT074,WH-E,15790,2027-12-31
2025-05-31,MAT075,WH-B,21590,2027-12-31
2025-05-31,MAT076,WH-A,468,2026-06-01
2025-05-31,MAT077,WH-B,718,2026-06-01
2025-05-31,MAT078,WH-E,542,2026-06-01
2025-05-31,MAT079,WH-C,773,2026-06-01
2025-05-31,MAT081,WH-E,225,2026-06-01
2025-05-31,MAT082,WH-A,612,2026-06-01
2025-05-31,MAT083,WH-D,504,2026-06-01
2025-05-31,MAT084,WH-C,496,2026-06-01
2025-05-31,MAT085,WH-A,409,2026-06-01
2025-05-31,MAT086,WH-D,520,2026-06-01
2025-05-31,MAT087,WH-E,229,2026-06-01
2025-05-31,MAT089,WH-E,459,2026-06-01
2025-05-31,MAT090,WH-E,388,2026-06-01
2025-05-31,MAT091,WH-D,399,2026-06-01
2025-05-31,MAT093,WH-D,589,2026-06-01
2025-05-31,MAT094,WH-B,393,2026-06-01
2025-05-31,MAT095,WH-C,378,2026-06-01
2025-05-31,MAT096,WH-B,546,2026-06-01
2025-05-31,MAT097,WH-D,219,2026-06-01
2025-05-31,MAT098,WH-D,326,2026-06-01
2025-05-31,MAT100,WH-D,529,2026-06-01
2025-06-30,MAT002,WH-D,197,2024-12-01
2025-06-30,MAT003,WH-D,480,2024-12-01
2025-06-30,MAT004,WH-B,168,2024-12-01
2025-06-30,MAT005,WH-D,313,2024-12-01
2025-06-30,MAT006,WH-C,216,2024-12-01
2025-06-30,MAT008,WH-D,486,2024-12-01
2025-06-30,MAT009,WH-E,253,2024-12-01
2025-06-30,MAT010,WH-D,409,2024-12-01
2025-06-30,MAT011,WH-B,324,2024-12-01
2025-06-30,MAT012,WH-D,443,2024-12-01
2025-06-30,MAT013,WH-B,132,2024-12-01
2025-06-30,MAT014,WH-E,201,2024-12-01
2025-06-30,MAT015,WH-D,449,2024-12-01
2025-06-30,MAT016,WH-D,151,2024-12-01
2025-06-30,MAT017,WH-A,160,2024-12-01
2025-06-30,MAT018,WH-D,430,2024-12-01
2025-06-30,MAT019,WH-E,153,2024-12-01
2025-06-30,MAT020,WH-E,476,2024-12-01
2025-06-30,MAT021,WH-C,349,2024-12-01
2025-06-30,MAT022,WH-E,385,2024-12-01
2025-06-30,MAT023,WH-E,167,2024-12-01
2025-06-30,MAT025,WH-C,365,2024-12-01
2025-06-30,MAT026,WH-D,2825,
2025-06-30,MAT027,WH-E,2924,
2025-06-30,MAT028,WH-C,1674,
2025-06-30,MAT029,WH-B,1542,
2025-06-30,MAT030,WH-D,3434,
2025-06-30,MAT031,WH-A,2235,
2025-06-30,MAT032,WH-E,4121,
2025-06-30,MAT033,WH-B,2185,
2025-06-30,MAT034,WH-E,2691,
2025-06-30,MAT035,WH-C,3813,
2025-06-30,MAT036,WH-B,2580,
2025-06-30,MAT037,WH-D,3333,
2025-06-30,MAT038,WH-B,2516,
2025-06-30,MAT039,WH-E,3847,
2025-06-30,MAT040,WH-A,1976,
2025-06-30,MAT041,WH-B,2780,
2025-06-30,MAT043,WH-A,1390,
2025-06-30,MAT044,WH-D,2038,
2025-06-30,MAT045,WH-D,4245,
2025-06-30,MAT046,WH-D,2892,
2025-06-30,MAT047,WH-D,1419,
2025-06-30,MAT048,WH-B,3913,
2025-06-30,MAT049,WH-B,4547,
2025-06-30,MAT050,WH-B,3927,
2025-06-30,MAT052,WH-C,17021,2027-12-31
2025-06-30,MAT053,WH-A,21444,2027-12-31
2025-06-30,MAT054,WH-C,20227,2027-12-31
2025-06-30,MAT056,WH-A,16626,2027-12-31
2025-06-30,MAT057,WH-A,20691,2027-12-31
2025-06-30,MAT058,WH-E,24180,2027-12-31
2025-06-30,MAT059,WH-C,16459,2027-12-31
2025-06-30,MAT060,WH-E,15576,2027-12-31
2025-06-30,MAT062,WH-B,16193,2027-12-31
2025-06-30,MAT063,WH-C,21844,2027-12-31
2025-06-30,MAT064,WH-C,16881,2027-12-31
2025-06-30,MAT065,WH-A,22897,2027-12-31
2025-06-30,MAT066,WH-E,23209,2027-12-31
2025-06-30,MAT068,WH-A,17809,2027-12-31
2025-06-30,MAT070,WH-B,23150,2027-12-31
2025-06-30,MAT071,WH-D,16918,2027-12-31
2025-06-30,MAT072,WH-E,18526,2027-12-31
2025-06-30,MAT073,WH-D,21191,2027-12-31
2025-06-30,MAT074,WH-E,21614,2027-12-31
2025-06-30,MAT076,WH-B,428,2026-06-01
2025-06-30,MAT078,WH-C,270,2026-06-01
2025-06-30,MAT079,WH-C,698,2026-06-01
2025-06-30,MAT080,WH-D,778,2026-06-01
2025-06-30,MAT081,WH-C,702,2026-06-01
2025-06-30,MAT082,WH-E,597,2026-06-01
2025-06-30,MAT083,WH-C,778,2026-06-01
2025-06-30,MAT084,WH-C,496,2026-06-01
2025-06-30,MAT085,WH-A,561,2026-06-01
2025-06-30,MAT086,WH-E,452,2026-06-01
2025-06-30,MAT087,WH-C,362,2026-06-01
2025-06-30,MAT088,WH-E,638,2026-06-01
2025-06-30,MAT089,WH-B,752,2026-06-01
2025-06-30,MAT090,WH-E,596,2026-06-01
2025-06-30,MAT091,WH-A,207,2026-06-01
2025-06-30,MAT092,WH-D,736,2026-06-01
2025-06-30,MAT093,WH-C,528,2026-06-01
2025-06-30,MAT094,WH-E,719,2026-06-01
2025-06-30,MAT095,WH-A,219,2026-06-01
2025-06-30,MAT097,WH-C,364,2026-06-01
2025-06-30,MAT099,WH-C,429,2026-06-01
2025-06-30,MAT100,WH-C,353,2026-06-01
2025-07-31,MAT001,WH-D,488,2024-12-01
2025-07-31,MAT003,WH-A,310,2024-12-01
2025-07-31,MAT004,WH-D,398,2024-12-01
2025-07-31,MAT006,WH-E,403,2024-12-01
2025-07-31,MAT007,WH-E,130,2024-12-01
2025-07-31,MAT008,WH-E,482,2024-12-01
2025-07-31,MAT009,WH-A,232,2024-12-01
2025-07-31,MAT010,WH-D,149,2024-12-01
2025-07-31,MAT011,WH-A,245,2024-12-01
2025-07-31,MAT012,WH-D,204,2024-12-01
2025-07-31,MAT014,WH-E,392,2024-12-01
2025-07-31,MAT015,WH-A,379,2024-12-01
2025-07-31,MAT017,WH-B,406,2024-12-01
2025-07-31,MAT018,WH-E,197,2024-12-01
2025-07-31,MAT019,WH-A,195,2024-12-01
2025-07-31,MAT020,WH-E,242,2024-12-01
2025-07-31,MAT021,WH-D,488,2024-12-01
2025-07-31,MAT022,WH-D,202,2024-12-01
2025-07-31,MAT023,WH-D,436,2024-12-01
2025-07-31,MAT026,WH-B,2088,
2025-07-31,MAT027,WH-A,2126,
2025-07-31,MAT028,WH-D,2562,
2025-07-31,MAT029,WH-B,2254,
2025-07-31,MAT030,WH-C,2263,
2025-07-31,MAT031,WH-C,2429,
2025-07-31,MAT033,WH-C,3281,
2025-07-31,MAT034,WH-E,3335,
2025-07-31,MAT036,WH-E,1770,
2025-07-31,MAT037,WH-C,3995,
2025-07-31,MAT039,WH-B,2516,
2025-07-31,MAT040,WH-B,3976,
2025-07-31,MAT041,WH-D,3174,
2025-07-31,MAT042,WH-C,3035,
2025-07-31,MAT043,WH-D,4882,
2025-07-31,MAT044,WH-D,2275,
2025-07-31,MAT046,WH-A,4147,
2025-07-31,MAT048,WH-D,2193,
2025-07-31,MAT050,WH-B,4247,
2025-07-31,MAT051,WH-C,16940,2027-12-31
2025-07-31,MAT053,WH-A,24245,2027-12-31
2025-07-31,MAT054,WH-D,17665,2027-12-31
2025-07-31,MAT055,WH-D,23984,2027-12-31
2025-07-31,MAT056,WH-A,20013,2027-12-31
2025-07-31,MAT058,WH-B,21759,2027-12-31
2025-07-31,MAT059,WH-D,17199,2027-12-31
2025-07-31,MAT060,WH-E,22617,2027-12-31
2025-07-31,MAT061,WH-C,16050,2027-12-31
2025-07-31,MAT062,WH-E,17170,2027-12-31
2025-07-31,MAT063,WH-E,20791,2027-12-31
2025-07-31,MAT065,WH-C,17015,2027-12-31
2025-07-31,MAT066,WH-C,21385,2027-12-31
2025-07-31,MAT067,WH-E,17759,2027-12-31
2025-07-31,MAT068,WH-D,20866,2027-12-31
2025-07-31,MAT069,WH-B,23729,2027-12-31
2025-07-31,MAT070,WH-C,17528,2027-12-31
2025-07-31,MAT072,WH-D,22938,2027-12-31
2025-07-31,MAT073,WH-E,18745,2027-12-31
2025-07-31,MAT074,WH-B,22617,2027-12-31
2025-07-31,MAT075,WH-E,19417,2027-12-31
2025-07-31,MAT076,WH-C,228,2026-06-01
2025-07-31,MAT077,WH-E,691,2026-06-01
2025-07-31,MAT078,WH-D,787,2026-06-01
2025-07-31,MAT079,WH-D,535,2026-06-01
2025-07-31,MAT080,WH-A,454,2026-06-01
2025-07-31,MAT081,WH-C,342,2026-06-01
2025-07-31,MAT082,WH-A,783,2026-06-01
2025-07-31,MAT086,WH-B,635,2026-06-01
2025-07-31,MAT087,WH-C,333,2026-06-01
2025-07-31,MAT089,WH-C,293,2026-06-01
2025-07-31,MAT090,WH-C,437,2026-06-01
2025-07-31,MAT091,WH-D,790,2026-06-01
2025-07-31,MAT092,WH-A,331,2026-06-01
2025-07-31,MAT093,WH-B,759,2026-06-01
2025-07-31,MAT095,WH-A,404,2026-06-01
2025-07-31,MAT096,WH-B,471,2026-06-01
2025-07-31,MAT098,WH-A,759,2026-06-01
2025-07-31,MAT100,WH-E,205,2026-06-01
2025-08-31,MAT001,WH-C,351,2024-12-01
2025-08-31,MAT002,WH-D,316,2024-12-01
2025-08-31,MAT003,WH-D,423,2024-12-01
2025-08-31,MAT004,WH-D,184,2024-12-01
2025-08-31,MAT005,WH-C,234,2024-12-01
2025-08-31,MAT006,WH-A,396,2024-12-01
2025-08-31,MAT007,WH-E,320,2024-12-01
2025-08-31,MAT008,WH-D,217,2024-12-01
2025-08-31,MAT009,WH-A,318,2024-12-01
2025-08-31,MAT010,WH-C,280,2024-12-01
2025-08-31,MAT011,WH-B,303,2024-12-01
2025-08-31,MAT012,WH-B,270,2024-12-01
2025-08-31,MAT013,WH-B,164,2024-12-01
2025-08-31,MAT014,WH-A,318,2024-12-01
2025-08-31,MAT015,WH-A,330,2024-12-01
2025-08-31,MAT016,WH-B,227,2024-12-01
2025-08-31,MAT017,WH-A,368,2024-12-01
2025-08-31,MAT019,WH-D,394,2024-12-01
2025-08-31,MAT020,WH-A,419,2024-12-01
2025-08-31,MAT021,WH-C,203,2024-12-01
2025-08-31,MAT022,WH-C,233,2024-12-01
2025-08-31,MAT023,WH-C,242,2024-12-01
2025-08-31,MAT024,WH-B,407,2024-12-01
2025-08-31,MAT025,WH-A,174,2024-12-01
2025-08-31,MAT026,WH-A,1630,
2025-08-31,MAT027,WH-C,2825,
2025-08-31,MAT028,WH-B,3670,
2025-08-31,MAT029,WH-C,2952,
2025-08-31,MAT031,WH-D,3018,
2025-08-31,MAT033,WH-A,1131,
2025-08-31,MAT035,WH-C,2640,
2025-08-31,MAT036,WH-D,1999,
2025-08-31,MAT037,WH-E,2472,
2025-08-31,MAT039,WH-D,1858,
2025-08-31,MAT041,WH-A,2040,
2025-08-31,MAT042,WH-D,4713,
2025-08-31,MAT044,WH-C,4827,
2025-08-31,MAT045,WH-C,1939,
2025-08-31,MAT046,WH-A,2682,
2025-08-31,MAT049,WH-E,2953,
2025-08-31,MAT050,WH-B,1159,
2025-08-31,MAT051,WH-B,15751,2027-12-31
2025-08-31,MAT052,WH-A,21149,2027-12-31
2025-08-31,MAT053,WH-D,15029,2027-12-31
2025-08-31,MAT054,WH-C,19581,2027-12-31
2025-08-31,MAT055,WH-A,15890,2027-12-31
2025-08-31,MAT057,WH-D,21197,2027-12-31
2025-08-31,MAT058,WH-D,24457,2027-12-31
2025-08-31,MAT059,WH-E,23870,2027-12-31
2025-08-31,MAT060,WH-B,15923,2027-12-31
2025-08-31,MAT062,WH-D,22294,2027-12-31
2025-08-31,MAT063,WH-D,17540,2027-12-31
2025-08-31,MAT065,WH-E,24226,2027-12-31
2025-08-31,MAT066,WH-B,23315,2027-12-31
2025-08-31,MAT067,WH-D,19960,2027-12-31
2025-08-31,MAT068,WH-D,22341,2027-12-31
2025-08-31,MAT069,WH-E,23799,2027-12-31
2025-08-31,MAT070,WH-E,22729,2027-12-31
2025-08-31,MAT071,WH-D,18409,2027-12-31
2025-08-31,MAT072,WH-B,15268,2027-12-31
2025-08-31,MAT074,WH-E,24917,2027-12-31
2025-08-31,MAT075,WH-D,17896,2027-12-31
2025-08-31,MAT078,WH-B,454,2026-06-01
2025-08-31,MAT079,WH-A,282,2026-06-01
2025-08-31,MAT080,WH-A,378,2026-06-01
2025-08-31,MAT082,WH-E,699,2026-06-01
2025-08-31,MAT084,WH-B,355,2026-06-01
2025-08-31,MAT086,WH-E,348,2026-06-01
2025-08-31,MAT087,WH-B,580,2026-06-01
2025-08-31,MAT088,WH-E,261,2026-06-01
2025-08-31,MAT089,WH-C,492,2026-06-01
2025-08-31,MAT090,WH-C,393,2026-06-01
2025-08-31,MAT091,WH-D,670,2026-06-01
2025-08-31,MAT092,WH-E,503,2026-06-01
2025-08-31,MAT093,WH-E,442,2026-06-01
2025-08-31,MAT095,WH-B,330,2026-06-01
2025-08-31,MAT096,WH-C,528,2026-06-01
2025-08-31,MAT097,WH-A,588,2026-06-01
2025-08-31,MAT098,WH-B,309,2026-06-01
2025-08-31,MAT099,WH-B,484,2026-06-01
2025-08-31,MAT100,WH-B,772,2026-06-01
2025-09-30,MAT001,WH-C,485,2024-12-01
2025-09-30,MAT002,WH-B,113,2024-12-01
2025-09-30,MAT003,WH-E,234,2024-12-01
2025-09-30,MAT004,WH-D,148,2024-12-01
2025-09-30,MAT005,WH-A,343,2024-12-01
2025-09-30,MAT007,WH-B,162,2024-12-01
2025-09-30,MAT008,WH-E,121,2024-12-01
2025-09-30,MAT009,WH-B,301,2024-12-01
2025-09-30,MAT010,WH-D,364,2024-12-01
2025-09-30,MAT011,WH-D,248,2024-12-01
2025-09-30,MAT012,WH-B,259,2024-12-01
2025-09-30,MAT013,WH-E,492,2024-12-01
2025-09-30,MAT016,WH-D,198,2024-12-01
2025-09-30,MAT017,WH-C,415,2024-12-01
2025-09-30,MAT018,WH-D,202,2024-12-01
2025-09-30,MAT020,WH-D,309,2024-12-01
2025-09-30,MAT021,WH-E,301,2024-12-01
2025-09-30,MAT022,WH-E,272,2024-12-01
2025-09-30,MAT023,WH-D,161,2024-12-01
2025-09-30,MAT024,WH-B,173,2024-12-01
2025-09-30,MAT025,WH-A,254,2024-12-01
2025-09-30,MAT026,WH-D,3275,
2025-09-30,MAT027,WH-E,1724,
2025-09-30,MAT028,WH-C,1732,
2025-09-30,MAT029,WH-E,3629,
2025-09-30,MAT030,WH-E,3541,
2025-09-30,MAT031,WH-A,4173,
2025-09-30,MAT033,WH-C,3909,
2025-09-30,MAT035,WH-D,3886,
2025-09-30,MAT036,WH-A,2160,
2025-09-30,MAT037,WH-B,3793,
2025-09-30,MAT039,WH-A,4522,
2025-09-30,MAT040,WH-E,4742,
2025-09-30,MAT041,WH-B,3424,
2025-09-30,MAT042,WH-D,4033,
2025-09-30,MAT043,WH-D,4576,
2025-09-30,MAT045,WH-D,2206,
2025-09-30,MAT046,WH-C,4686,
2025-09-30,MAT047,WH-D,2734,
2025-09-30,MAT048,WH-D,3991,
2025-09-30,MAT050,WH-D,3793,
2025-09-30,MAT051,WH-B,15481,2027-12-31
2025-09-30,MAT052,WH-E,17370,2027-12-31
2025-09-30,MAT053,WH-D,21032,2027-12-31
2025-09-30,MAT054,WH-B,24648,2027-12-31
2025-09-30,MAT055,WH-E,17337,2027-12-31
2025-09-30,MAT056,WH-D,20212,2027-12-31
2025-09-30,MAT057,WH-C,22733,2027-12-31
2025-09-30,MAT058,WH-A,21722,2027-12-31
2025-09-30,MAT059,WH-D,17082,2027-12-31
2025-09-30,MAT061,WH-D,23622,2027-12-31
2025-09-30,MAT062,WH-E,23417,2027-12-31
2025-09-30,MAT063,WH-D,21265,2027-12-31
2025-09-30,MAT065,WH-E,23479,2027-12-31
2025-09-30,MAT067,WH-D,24254,2027-12-31
2025-09-30,MAT068,WH-B,23450,2027-12-31
2025-09-30,MAT069,WH-B,19736,2027-12-31
2025-09-30,MAT070,WH-B,21007,2027-12-31
2025-09-30,MAT072,WH-A,21642,2027-12-31
2025-09-30,MAT073,WH-C,22511,2027-12-31
2025-09-30,MAT074,WH-E,19547,2027-12-31
2025-09-30,MAT075,WH-C,21555,2027-12-31
2025-09-30,MAT076,WH-C,711,2026-06-01
2025-09-30,MAT077,WH-C,408,2026-06-01
2025-09-30,MAT078,WH-A,415,2026-06-01
2025-09-30,MAT080,WH-C,402,2026-06-01
2025-09-30,MAT082,WH-A,322,2026-06-01
2025-09-30,MAT083,WH-B,523,2026-06-01
2025-09-30,MAT084,WH-C,280,2026-06-01
2025-09-30,MAT085,WH-D,480,2026-06-01
2025-09-30,MAT086,WH-C,669,2026-06-01
2025-09-30,MAT087,WH-D,619,2026-06-01
2025-09-30,MAT088,WH-C,480,2026-06-01
2025-09-30,MAT089,WH-D,737,2026-06-01
2025-09-30,MAT091,WH-D,702,2026-06-01
2025-09-30,MAT092,WH-C,648,2026-06-01
2025-09-30,MAT093,WH-B,678,2026-06-01
2025-09-30,MAT094,WH-E,672,2026-06-01
2025-09-30,MAT095,WH-C,618,2026-06-01
2025-09-30,MAT096,WH-E,602,2026-06-01
2025-09-30,MAT097,WH-E,705,2026-06-01
2025-09-30,MAT098,WH-C,278,2026-06-01
2025-09-30,MAT099,WH-B,272,2026-06-01
2025-10-31,MAT001,WH-E,347,2024-12-01
2025-10-31,MAT002,WH-A,391,2024-12-01
2025-10-31,MAT006,WH-E,292,2024-12-01
2025-10-31,MAT007,WH-A,159,2024-12-01
2025-10-31,MAT008,WH-D,150,2024-12-01
2025-10-31,MAT009,WH-E,173,2024-12-01
2025-10-31,MAT010,WH-B,392,2024-12-01
2025-10-31,MAT011,WH-D,110,2024-12-01
2025-10-31,MAT012,WH-B,189,2024-12-01
2025-10-31,MAT013,WH-A,207,2024-12-01
2025-10-31,MAT014,WH-C,203,2024-12-01
2025-10-31,MAT016,WH-C,478,2024-12-01
2025-10-31,MAT018,WH-D,213,2024-12-01
2025-10-31,MAT019,WH-E,103,2024-12-01
2025-10-31,MAT020,WH-E,410,2024-12-01
2025-10-31,MAT021,WH-B,182,2024-12-01
2025-10-31,MAT022,WH-A,227,2024-12-01
2025-10-31,MAT023,WH-A,380,2024-12-01
2025-10-31,MAT024,WH-E,325,2024-12-01
2025-10-31,MAT025,WH-E,483,2024-12-01
2025-10-31,MAT027,WH-D,4999,
2025-10-31,MAT028,WH-A,3478,
2025-10-31,MAT029,WH-D,3658,
2025-10-31,MAT031,WH-A,1950,
2025-10-31,MAT032,WH-C,4137,
2025-10-31,MAT033,WH-A,2479,
2025-10-31,MAT034,WH-D,2200,
2025-10-31,MAT038,WH-B,1768,
2025-10-31,MAT039,WH-B,2294,
2025-10-31,MAT040,WH-E,4810,
2025-10-31,MAT042,WH-A,1877,
2025-10-31,MAT043,WH-B,4847,
2025-10-31,MAT044,WH-D,4316,
2025-10-31,MAT047,WH-C,4304,
2025-10-31,MAT049,WH-C,3001,
2025-10-31,MAT050,WH-A,4753,
2025-10-31,MAT052,WH-C,17017,2027-12-31
2025-10-31,MAT053,WH-B,18401,2027-12-31
2025-10-31,MAT054,WH-E,23423,2027-12-31
2025-10-31,MAT055,WH-E,24133,2027-12-31
2025-10-31,MAT056,WH-E,23491,2027-12-31
2025-10-31,MAT057,WH-E,17119,2027-12-31
2025-10-31,MAT059,WH-D,23499,2027-12-31
2025-10-31,MAT060,WH-B,23350,2027-12-31
2025-10-31,MAT061,WH-A,18954,2027-12-31
2025-10-31,MAT062,WH-D,17774,2027-12-31
2025-10-31,MAT063,WH-A,24632,2027-12-31
2025-10-31,MAT064,WH-A,19234,2027-12-31
2025-10-31,MAT066,WH-E,20486,2027-12-31
2025-10-31,MAT067,WH-A,16240,2027-12-31
2025-10-31,MAT069,WH-C,20897,2027-12-31
2025-10-31,MAT070,WH-B,23732,2027-12-31
2025-10-31,MAT071,WH-C,23150,2027-12-31
2025-10-31,MAT072,WH-A,19443,2027-12-31
2025-10-31,MAT075,WH-D,15769,2027-12-31
2025-10-31,MAT076,WH-A,312,2026-06-01
2025-10-31,MAT077,WH-C,207,2026-06-01
2025-10-31,MAT078,WH-B,393,2026-06-01
2025-10-31,MAT079,WH-E,724,2026-06-01
2025-10-31,MAT080,WH-B,218,2026-06-01
2025-10-31,MAT081,WH-C,339,2026-06-01
2025-10-31,MAT082,WH-C,375,2026-06-01
2025-10-31,MAT083,WH-C,618,2026-06-01
2025-10-31,MAT084,WH-D,616,2026-06-01
2025-10-31,MAT085,WH-D,557,2026-06-01
2025-10-31,MAT086,WH-D,286,2026-06-01
2025-10-31,MAT089,WH-C,654,2026-06-01
2025-10-31,MAT090,WH-D,536,2026-06-01
2025-10-31,MAT091,WH-A,558,2026-06-01
2025-10-31,MAT093,WH-E,234,2026-06-01
2025-10-31,MAT094,WH-B,433,2026-06-01
2025-10-31,MAT095,WH-B,537,2026-06-01
2025-10-31,MAT096,WH-E,709,2026-06-01
2025-10-31,MAT097,WH-B,342,2026-06-01
2025-10-31,MAT099,WH-C,308,2026-06-01
2025-10-31,MAT100,WH-D,798,2026-06-01
2025-11-30,MAT001,WH-A,195,2024-12-01
2025-11-30,MAT002,WH-A,159,2024-12-01
2025-11-30,MAT003,WH-B,376,2024-12-01
2025-11-30,MAT004,WH-D,424,2024-12-01
2025-11-30,MAT005,WH-A,138,2024-12-01
2025-11-30,MAT006,WH-A,244,2024-12-01
2025-11-30,MAT008,WH-D,475,2024-12-01
2025-11-30,MAT009,WH-B,454,2024-12-01
2025-11-30,MAT010,WH-C,260,2024-12-01
2025-11-30,MAT011,WH-C,321,2024-12-01
2025-11-30,MAT012,WH-B,468,2024-12-01
2025-11-30,MAT013,WH-B,258,2024-12-01
2025-11-30,MAT014,WH-A,451,2024-12-01
2025-11-30,MAT016,WH-C,249,2024-12-01
2025-11-30,MAT017,WH-D,310,2024-12-01
2025-11-30,MAT018,WH-A,390,2024-12-01
2025-11-30,MAT019,WH-A,458,2024-12-01
2025-11-30,MAT020,WH-E,145,2024-12-01
2025-11-30,MAT021,WH-C,396,2024-12-01
2025-11-30,MAT022,WH-E,186,2024-12-01
2025-11-30,MAT023,WH-C,312,2024-12-01
2025-11-30,MAT024,WH-D,335,2024-12-01
2025-11-30,MAT025,WH-E,214,2024-12-01
2025-11-30,MAT026,WH-D,1330,
2025-11-30,MAT027,WH-A,2317,
2025-11-30,MAT028,WH-B,1897,
2025-11-30,MAT029,WH-C,1534,
2025-11-30,MAT030,WH-B,4374,
2025-11-30,MAT031,WH-D,2480,
2025-11-30,MAT032,WH-A,2231,
2025-11-30,MAT033,WH-D,1612,
2025-11-30,MAT034,WH-E,2522,
2025-11-30,MAT035,WH-C,4486,
2025-11-30,MAT036,WH-A,1043,
2025-11-30,MAT037,WH-A,3856,
2025-11-30,MAT039,WH-D,1659,
2025-11-30,MAT040,WH-E,3253,
2025-11-30,MAT041,WH-D,4585,
2025-11-30,MAT042,WH-D,3514,
2025-11-30,MAT043,WH-C,2953,
2025-11-30,MAT046,WH-D,4061,
2025-11-30,MAT047,WH-E,3919,
2025-11-30,MAT048,WH-A,4807,
2025-11-30,MAT049,WH-C,2590,
2025-11-30,MAT050,WH-A,2297,
2025-11-30,MAT051,WH-C,20116,2027-12-31
2025-11-30,MAT052,WH-A,20600,2027-12-31
2025-11-30,MAT053,WH-D,17483,2027-12-31
2025-11-30,MAT054,WH-A,23192,2027-12-31
2025-11-30,MAT055,WH-C,15852,2027-12-31
2025-11-30,MAT056,WH-E,20168,2027-12-31
2025-11-30,MAT060,WH-C,22013,2027-12-31
2025-11-30,MAT061,WH-A,18396,2027-12-31
2025-11-30,MAT062,WH-C,23852,2027-12-31
2025-11-30,MAT063,WH-D,21264,2027-12-31
2025-11-30,MAT064,WH-B,21910,2027-12-31
2025-11-30,MAT065,WH-C,24506,2027-12-31
2025-11-30,MAT066,WH-C,15884,2027-12-31
2025-11-30,MAT067,WH-D,20063,2027-12-31
2025-11-30,MAT068,WH-C,18525,2027-12-31
2025-11-30,MAT069,WH-A,24416,2027-12-31
2025-11-30,MAT070,WH-C,21333,2027-12-31
2025-11-30,MAT071,WH-C,20542,2027-12-31
2025-11-30,MAT073,WH-E,23446,2027-12-31
2025-11-30,MAT074,WH-A,17095,2027-12-31
2025-11-30,MAT075,WH-A,18526,2027-12-31
2025-11-30,MAT076,WH-B,219,2026-06-01
2025-11-30,MAT077,WH-D,707,2026-06-01
2025-11-30,MAT078,WH-C,596,2026-06-01
2025-11-30,MAT079,WH-C,519,2026-06-01
2025-11-30,MAT080,WH-C,612,2026-06-01
2025-11-30,MAT081,WH-E,666,2026-06-01
2025-11-30,MAT082,WH-C,350,2026-06-01
2025-11-30,MAT083,WH-D,633,2026-06-01
2025-11-30,MAT084,WH-D,352,2026-06-01
2025-11-30,MAT085,WH-D,705,2026-06-01
2025-11-30,MAT086,WH-D,520,2026-06-01
2025-11-30,MAT087,WH-E,674,2026-06-01
2025-11-30,MAT089,WH-A,290,2026-06-01
2025-11-30,MAT090,WH-A,624,2026-06-01
2025-11-30,MAT091,WH-A,338,2026-06-01
2025-11-30,MAT092,WH-E,655,2026-06-01
2025-11-30,MAT093,WH-D,351,2026-06-01
2025-11-30,MAT094,WH-D,779,2026-06-01
2025-11-30,MAT095,WH-D,652,2026-06-01
2025-11-30,MAT096,WH-A,596,2026-06-01
2025-11-30,MAT097,WH-A,584,2026-06-01
2025-11-30,MAT098,WH-B,660,2026-06-01
2025-11-30,MAT099,WH-B,504,2026-06-01
2025-12-31,MAT001,WH-B,276,2024-12-01
2025-12-31,MAT002,WH-C,183,2024-12-01
2025-12-31,MAT003,WH-A,179,2024-12-01
2025-12-31,MAT004,WH-C,435,2024-12-01
2025-12-31,MAT006,WH-D,381,2024-12-01
2025-12-31,MAT007,WH-E,347,2024-12-01
2025-12-31,MAT008,WH-B,104,2024-12-01
2025-12-31,MAT010,WH-E,465,2024-12-01
2025-12-31,MAT011,WH-B,209,2024-12-01
2025-12-31,MAT012,WH-D,465,2024-12-01
2025-12-31,MAT013,WH-D,210,2024-12-01
2025-12-31,MAT014,WH-E,392,2024-12-01
2025-12-31,MAT015,WH-A,211,2024-12-01
2025-12-31,MAT016,WH-A,349,2024-12-01
2025-12-31,MAT017,WH-A,423,2024-12-01
2025-12-31,MAT018,WH-D,448,2024-12-01
2025-12-31,MAT019,WH-C,462,2024-12-01
2025-12-31,MAT020,WH-D,399,2024-12-01
2025-12-31,MAT021,WH-D,286,2024-12-01
2025-12-31,MAT022,WH-E,184,2024-12-01
2025-12-31,MAT024,WH-D,287,2024-12-01
2025-12-31,MAT025,WH-A,473,2024-12-01
2025-12-31,MAT026,WH-A,3886,
2025-12-31,MAT027,WH-A,2064,
2025-12-31,MAT028,WH-C,2373,
2025-12-31,MAT029,WH-E,2676,
2025-12-31,MAT031,WH-D,3487,
2025-12-31,MAT032,WH-A,1132,
2025-12-31,MAT033,WH-E,3064,
2025-12-31,MAT034,WH-E,2391,
2025-12-31,MAT035,WH-B,4843,
2025-12-31,MAT036,WH-E,2404,
2025-12-31,MAT037,WH-E,3323,
2025-12-31,MAT038,WH-A,1921,
2025-12-31,MAT039,WH-C,2478,
2025-12-31,MAT042,WH-D,1467,
2025-12-31,MAT043,WH-A,3524,
2025-12-31,MAT044,WH-A,4954,
2025-12-31,MAT045,WH-A,2265,
2025-12-31,MAT046,WH-C,4620,
2025-12-31,MAT048,WH-D,3945,
2025-12-31,MAT049,WH-D,3000,
2025-12-31,MAT050,WH-C,3573,
2025-12-31,MAT051,WH-E,15231,2027-12-31
2025-12-31,MAT054,WH-A,18819,2027-12-31
2025-12-31,MAT055,WH-C,24064,2027-12-31
2025-12-31,MAT056,WH-E,21203,2027-12-31
2025-12-31,MAT058,WH-A,16539,2027-12-31
2025-12-31,MAT060,WH-C,21713,2027-12-31
2025-12-31,MAT061,WH-B,19814,2027-12-31
2025-12-31,MAT062,WH-D,20180,2027-12-31
2025-12-31,MAT065,WH-E,21213,2027-12-31
2025-12-31,MAT066,WH-C,20262,2027-12-31
2025-12-31,MAT067,WH-A,17871,2027-12-31
2025-12-31,MAT068,WH-E,21350,2027-12-31
2025-12-31,MAT069,WH-E,21314,2027-12-31
2025-12-31,MAT071,WH-B,20418,2027-12-31
2025-12-31,MAT072,WH-B,19657,2027-12-31
2025-12-31,MAT073,WH-D,18566,2027-12-31
2025-12-31,MAT075,WH-B,20121,2027-12-31
2025-12-31,MAT076,WH-D,205,2026-06-01
2025-12-31,MAT077,WH-E,685,2026-06-01
2025-12-31,MAT078,WH-B,781,2026-06-01
2025-12-31,MAT080,WH-E,640,2026-06-01
2025-12-31,MAT081,WH-B,251,2026-06-01
2025-12-31,MAT082,WH-C,719,2026-06-01
2025-12-31,MAT084,WH-C,572,2026-06-01
2025-12-31,MAT085,WH-E,444,2026-06-01
2025-12-31,MAT086,WH-B,506,2026-06-01
2025-12-31,MAT087,WH-E,559,2026-06-01
2025-12-31,MAT088,WH-A,790,2026-06-01
2025-12-31,MAT089,WH-B,765,2026-06-01
2025-12-31,MAT091,WH-A,332,2026-06-01
2025-12-31,MAT092,WH-B,454,2026-06-01
2025-12-31,MAT093,WH-D,687,2026-06-01
2025-12-31,MAT094,WH-E,693,2026-06-01
2025-12-31,MAT096,WH-C,662,2026-06-01
2025-12-31,MAT097,WH-D,235,2026-06-01
2025-12-31,MAT098,WH-B,531,2026-06-01
2025-12-31,MAT099,WH-A,525,2026-06-01
2025-12-31,MAT100,WH-B,407,2026-06-01
