po_id,po_date,supplier_id,material_id,quantity_ordered,quantity_received,expected_delivery_date,actual_delivery_date
PO-001,2025-01-01,SUP005,MAT005,1500,1500,2025-01-12,2025-01-10
PO-002,2025-01-01,SUP007,MAT011,1000,1000,2025-01-15,2025-01-19
PO-003,2025-01-01,SUP004,MAT017,4500,4500,2025-01-15,2025-01-16
PO-004,2025-01-01,SUP007,MAT013,5000,5000,2025-01-14,2025-01-12
PO-005,2025-01-01,SUP007,MAT013,1500,0,2025-01-13,
PO-006,2025-01-01,SUP008,MAT020,5000,5000,2025-01-10,2025-01-12
PO-007,2025-01-02,SUP009,MAT005,2000,2000,2025-01-14,2025-01-17
PO-008,2025-01-02,SUP005,MAT010,1500,1500,2025-01-14,2025-01-13
PO-009,2025-01-02,SUP006,MAT015,2000,2000,2025-01-12,2025-01-16
PO-010,2025-01-04,SUP005,MAT017,4800,4800,2025-01-16,2025-01-14
PO-011,2025-01-04,SUP006,MAT004,2500,2500,2025-01-12,2025-01-16
PO-012,2025-01-04,SUP009,MAT015,1000,1000,2025-01-14,2025-01-12
PO-013,2025-01-04,SUP002,MAT003,800,800,2025-01-11,2025-01-11
PO-014,2025-01-04,SUP002,MAT005,2500,2500,2025-01-12,2025-01-11
PO-015,2025-01-04,SUP009,MAT006,1000,1000,2025-01-17,2025-01-22
PO-016,2025-01-05,SUP007,MAT016,500,500,2025-01-18,2025-01-16
PO-017,2025-01-05,SUP009,MAT014,3000,3000,2025-01-14,2025-01-18
PO-018,2025-01-05,SUP003,MAT020,5000,5000,2025-01-14,2025-01-12
PO-019,2025-01-05,SUP002,MAT016,5000,5000,2025-01-13,2025-01-18
PO-020,2025-01-05,SUP005,MAT015,1000,1000,2025-01-12,2025-01-11
PO-021,2025-01-05,SUP003,MAT011,2000,2000,2025-01-17,2025-01-19
PO-022,2025-01-07,SUP005,MAT009,3000,3000,2025-01-18,2025-01-19
PO-023,2025-01-07,SUP005,MAT017,1000,1000,2025-01-14,2025-01-13
PO-024,2025-01-07,SUP007,MAT017,5000,5000,2025-01-21,2025-01-26
PO-025,2025-01-08,SUP002,MAT001,3000,3000,2025-01-22,2025-01-25
PO-026,2025-01-08,SUP006,MAT003,1500,1500,2025-01-21,2025-01-26
PO-027,2025-01-08,SUP003,MAT008,1500,1500,2025-01-22,2025-01-27
PO-028,2025-01-08,SUP003,MAT008,1000,1000,2025-01-18,2025-01-16
PO-029,2025-01-09,SUP010,MAT011,1200,1200,2025-01-20,2025-01-22
PO-030,2025-01-09,SUP004,MAT005,1000,1000,2025-01-23,2025-01-26
PO-031,2025-01-10,SUP009,MAT015,1200,960,2025-01-20,2025-01-27
PO-032,2025-01-10,SUP004,MAT018,2000,2000,2025-01-23,2025-01-26
PO-033,2025-01-11,SUP005,MAT012,2400,1920,2025-01-18,2025-01-22
PO-034,2025-01-11,SUP005,MAT002,1200,1200,2025-01-25,2025-01-26
PO-035,2025-01-11,SUP005,MAT014,2000,2000,2025-01-18,2025-01-24
PO-036,2025-01-12,SUP004,MAT009,5000,5000,2025-01-20,2025-01-19
PO-037,2025-01-12,SUP006,MAT017,4800,4800,2025-01-22,2025-01-24
PO-038,2025-01-12,SUP009,MAT002,500,500,2025-01-19,2025-01-23
PO-039,2025-01-12,SUP009,MAT016,500,500,2025-01-25,2025-01-27
PO-040,2025-01-13,SUP008,MAT017,2500,2500,2025-01-25,2025-01-26
PO-041,2025-01-13,SUP004,MAT002,1500,1500,2025-01-20,2025-01-18
PO-042,2025-01-13,SUP009,MAT012,3000,3000,2025-01-26,2025-01-26
PO-043,2025-01-13,SUP003,MAT005,2500,2500,2025-01-23,2025-01-28
PO-044,2025-01-13,SUP007,MAT019,5000,5000,2025-01-23,2025-01-24
PO-045,2025-01-13,SUP002,MAT005,300,300,2025-02-03,2025-02-09
PO-046,2025-01-14,SUP009,MAT005,2500,2500,2025-01-25,2025-01-24
PO-047,2025-01-14,SUP008,MAT015,2000,2000,2025-01-23,2025-01-22
PO-048,2025-01-14,SUP002,MAT014,1500,1500,2025-01-25,2025-01-28
PO-049,2025-01-15,SUP002,MAT003,500,500,2025-01-22,2025-01-21
PO-050,2025-01-16,SUP008,MAT009,2500,2500,2025-01-25,2025-01-28
PO-051,2025-01-16,SUP005,MAT008,500,0,2025-01-26,
PO-052,2025-01-16,SUP007,MAT016,5000,5000,2025-01-26,2025-01-28
PO-053,2025-01-17,SUP006,MAT011,4800,4800,2025-01-25,2025-01-25
PO-054,2025-01-17,SUP003,MAT006,3200,3200,2025-01-31,2025-02-01
PO-055,2025-01-17,SUP005,MAT020,4800,4800,2025-01-28,2025-01-29
PO-056,2025-01-17,SUP002,MAT013,1500,1500,2025-01-28,2025-01-28
PO-057,2025-01-18,SUP008,MAT018,1500,1500,2025-01-28,2025-01-28
PO-058,2025-01-18,SUP010,MAT013,2000,2000,2025-01-30,2025-02-04
PO-059,2025-01-19,SUP003,MAT017,3000,3000,2025-01-26,2025-01-27
PO-060,2025-01-19,SUP007,MAT010,4800,4800,2025-02-01,2025-02-03
PO-061,2025-01-19,SUP002,MAT001,1200,1200,2025-02-01,2025-02-04
PO-062,2025-01-20,SUP004,MAT018,500,500,2025-01-29,2025-01-30
PO-063,2025-01-20,SUP003,MAT007,3600,3600,2025-02-03,2025-02-03
PO-064,2025-01-20,SUP008,MAT014,2500,0,2025-01-27,
PO-065,2025-01-20,SUP003,MAT014,1500,1500,2025-02-01,2025-02-06
PO-066,2025-01-20,SUP007,MAT006,4800,0,2025-01-29,
PO-067,2025-01-21,SUP003,MAT018,500,500,2025-01-30,2025-02-03
PO-068,2025-01-21,SUP002,MAT004,2500,2500,2025-01-29,2025-02-02
PO-069,2025-01-21,SUP005,MAT009,3000,3000,2025-02-03,2025-02-06
PO-070,2025-01-21,SUP009,MAT004,1200,1200,2025-01-28,2025-02-02
PO-071,2025-01-21,SUP009,MAT011,3000,3000,2025-02-04,2025-02-05
PO-072,2025-01-22,SUP002,MAT002,2000,2000,2025-02-04,2025-02-03
PO-073,2025-01-22,SUP007,MAT009,1000,1000,2025-02-03,2025-02-04
PO-074,2025-01-22,SUP002,MAT012,2500,2500,2025-01-30,2025-01-28
PO-075,2025-01-23,SUP008,MAT002,1500,1500,2025-02-04,2025-02-04
PO-076,2025-01-23,SUP005,MAT005,1500,1500,2025-01-31,2025-01-30
PO-077,2025-01-23,SUP006,MAT001,2000,2000,2025-02-06,2025-02-13
PO-078,2025-01-23,SUP010,MAT009,1800,1800,2025-02-13,2025-02-17
PO-079,2025-01-23,SUP010,MAT005,1200,1200,2025-01-30,2025-01-28
PO-080,2025-01-23,SUP010,MAT011,2000,2000,2025-01-30,2025-01-30
PO-081,2025-01-24,SUP002,MAT018,1200,1200,2025-02-06,2025-02-06
PO-082,2025-01-25,SUP005,MAT019,5000,5000,2025-02-01,2025-01-30
PO-083,2025-01-25,SUP003,MAT019,1000,1000,2025-02-02,2025-01-31
PO-084,2025-01-25,SUP007,MAT019,3000,3000,2025-02-06,2025-02-11
PO-085,2025-01-25,SUP002,MAT013,1000,1000,2025-02-03,2025-02-01
PO-086,2025-01-26,SUP008,MAT014,500,500,2025-02-03,2025-02-03
PO-087,2025-01-26,SUP006,MAT002,5000,5000,2025-02-09,2025-02-14
PO-088,2025-01-27,SUP007,MAT008,1500,1500,2025-02-08,2025-02-06
PO-089,2025-01-28,SUP008,MAT003,1000,1000,2025-02-11,2025-02-12
PO-090,2025-01-28,SUP005,MAT009,500,500,2025-02-06,2025-02-10
PO-091,2025-01-28,SUP003,MAT011,3000,3000,2025-02-07,2025-02-10
PO-092,2025-01-29,SUP008,MAT003,5000,0,2025-02-06,
PO-093,2025-01-29,SUP010,MAT011,5000,5000,2025-02-10,2025-02-15
PO-094,2025-01-30,SUP003,MAT013,3000,3000,2025-02-13,2025-02-17
PO-095,2025-01-30,SUP008,MAT010,500,500,2025-02-07,2025-02-10
PO-096,2025-01-31,SUP003,MAT005,500,0,2025-02-13,
PO-097,2025-01-31,SUP003,MAT012,500,500,2025-02-13,2025-02-15
PO-098,2025-02-01,SUP003,MAT018,500,500,2025-02-10,2025-02-10
PO-099,2025-02-01,SUP002,MAT011,3000,3000,2025-02-08,2025-02-11
PO-100,2025-02-02,SUP009,MAT005,1200,1200,2025-02-12,2025-02-12
PO-101,2025-02-02,SUP005,MAT015,1200,1200,2025-02-11,2025-02-10
PO-102,2025-02-03,SUP006,MAT009,5000,5000,2025-02-16,2025-02-15
PO-103,2025-02-03,SUP006,MAT002,1200,1200,2025-02-13,2025-02-20
PO-104,2025-02-03,SUP007,MAT001,5000,5000,2025-02-14,2025-02-14
PO-105,2025-02-04,SUP006,MAT003,2000,2000,2025-02-17,2025-02-15
PO-106,2025-02-04,SUP009,MAT014,500,0,2025-02-13,
PO-107,2025-02-05,SUP002,MAT017,3000,3000,2025-02-19,2025-02-22
PO-108,2025-02-06,SUP006,MAT009,500,500,2025-02-20,2025-02-20
PO-109,2025-02-06,SUP004,MAT009,1200,1200,2025-02-16,2025-02-16
PO-110,2025-02-06,SUP006,MAT015,2000,2000,2025-02-17,2025-02-19
PO-111,2025-02-07,SUP010,MAT016,2000,2000,2025-02-14,2025-02-16
PO-112,2025-02-08,SUP008,MAT004,2500,2500,2025-02-17,2025-02-18
PO-113,2025-02-08,SUP009,MAT017,4800,4800,2025-02-18,2025-02-21
PO-114,2025-02-08,SUP008,MAT003,1000,0,2025-02-17,
PO-115,2025-02-08,SUP004,MAT017,1500,1500,2025-02-19,2025-02-21
PO-116,2025-02-08,SUP007,MAT012,3000,3000,2025-02-20,2025-02-19
PO-117,2025-02-08,SUP003,MAT017,2000,2000,2025-02-18,2025-02-23
PO-118,2025-02-09,SUP003,MAT002,4800,4800,2025-02-23,2025-02-23
PO-119,2025-02-10,SUP002,MAT012,4800,4800,2025-02-24,2025-02-27
PO-120,2025-02-10,SUP002,MAT020,4800,4800,2025-02-23,2025-02-27
PO-121,2025-02-11,SUP010,MAT016,2500,2500,2025-02-18,2025-02-18
PO-122,2025-02-11,SUP002,MAT013,1200,1200,2025-02-19,2025-02-22
PO-123,2025-02-11,SUP010,MAT010,3000,3000,2025-02-19,2025-02-21
PO-124,2025-02-11,SUP002,MAT001,1000,0,2025-02-24,
PO-125,2025-02-11,SUP006,MAT009,500,500,2025-02-25,2025-02-23
PO-126,2025-02-13,SUP006,MAT010,1500,1500,2025-02-22,2025-02-23
PO-127,2025-02-14,SUP006,MAT013,3000,0,2025-02-27,
PO-128,2025-02-14,SUP006,MAT008,1200,0,2025-02-24,
PO-129,2025-02-14,SUP003,MAT014,2500,2500,2025-02-23,2025-02-22
PO-130,2025-02-15,SUP007,MAT001,2000,2000,2025-02-28,2025-02-27
PO-131,2025-02-15,SUP002,MAT017,5000,5000,2025-02-23,2025-02-21
PO-132,2025-02-16,SUP005,MAT011,3000,3000,2025-02-26,2025-03-03
PO-133,2025-02-16,SUP008,MAT002,4800,4800,2025-03-02,2025-03-07
PO-134,2025-02-16,SUP009,MAT004,500,500,2025-02-27,2025-03-03
PO-135,2025-02-16,SUP004,MAT018,1500,1500,2025-02-28,2025-03-04
PO-136,2025-02-16,SUP008,MAT013,2000,2000,2025-03-01,2025-03-02
PO-137,2025-02-17,SUP008,MAT008,1500,1500,2025-02-28,2025-02-26
PO-138,2025-02-18,SUP003,MAT004,5000,0,2025-02-25,
PO-139,2025-02-18,SUP002,MAT005,2000,0,2025-03-04,
PO-140,2025-02-18,SUP007,MAT012,1000,1000,2025-02-25,2025-02-23
PO-141,2025-02-18,SUP008,MAT010,2500,2500,2025-03-04,2025-03-09
PO-142,2025-02-18,SUP002,MAT002,2500,2500,2025-03-03,2025-03-05
PO-143,2025-02-19,SUP010,MAT005,1500,1500,2025-03-02,2025-02-28
PO-144,2025-02-19,SUP007,MAT012,1200,1200,2025-03-03,2025-03-07
PO-145,2025-02-19,SUP004,MAT019,1500,1500,2025-03-01,2025-02-27
PO-146,2025-02-20,SUP006,MAT015,4800,4800,2025-02-28,2025-03-05
PO-147,2025-02-20,SUP002,MAT006,2000,2000,2025-03-04,2025-03-03
PO-148,2025-02-20,SUP010,MAT019,1200,1200,2025-03-04,2025-03-06
PO-149,2025-02-21,SUP009,MAT002,1200,1200,2025-02-28,2025-03-05
PO-150,2025-02-21,SUP005,MAT015,4800,4800,2025-03-06,2025-03-08
PO-151,2025-02-22,SUP004,MAT013,5000,5000,2025-03-05,2025-03-03
PO-152,2025-02-22,SUP009,MAT016,5000,5000,2025-03-07,2025-03-06
PO-153,2025-02-22,SUP007,MAT003,2500,0,2025-03-02,
PO-154,2025-02-23,SUP004,MAT011,2500,2500,2025-03-03,2025-03-04
PO-155,2025-02-24,SUP009,MAT003,1200,1200,2025-03-08,2025-03-06
PO-156,2025-02-24,SUP005,MAT007,2000,2000,2025-03-09,2025-03-07
PO-157,2025-02-25,SUP006,MAT013,4800,4800,2025-03-05,2025-03-03
PO-158,2025-02-26,SUP002,MAT003,1000,1000,2025-03-09,2025-03-11
PO-159,2025-02-28,SUP009,MAT004,1500,1500,2025-03-09,2025-03-09
PO-160,2025-02-28,SUP002,MAT018,1500,0,2025-03-07,
PO-161,2025-02-28,SUP002,MAT017,2000,0,2025-03-14,
PO-162,2025-02-28,SUP004,MAT016,12000,12000,2025-03-14,2025-03-14
PO-163,2025-02-28,SUP010,MAT001,500,500,2025-03-09,2025-03-08
PO-164,2025-02-28,SUP007,MAT019,500,500,2025-03-14,2025-03-16
PO-165,2025-03-01,SUP009,MAT013,2400,2400,2025-03-08,2025-03-19
PO-166,2025-03-02,SUP003,MAT013,3000,0,2025-03-14,
PO-167,2025-03-03,SUP010,MAT006,2000,2000,2025-03-11,2025-03-16
PO-168,2025-03-03,SUP003,MAT013,5000,5000,2025-03-11,2025-03-15
PO-169,2025-03-03,SUP006,MAT016,1200,0,2025-03-12,
PO-170,2025-03-04,SUP010,MAT020,1200,1200,2025-03-17,2025-03-20
PO-171,2025-03-04,SUP009,MAT008,5000,5000,2025-03-16,2025-03-14
PO-172,2025-03-04,SUP007,MAT017,4800,4800,2025-03-13,2025-03-13
PO-173,2025-03-05,SUP002,MAT012,5000,0,2025-03-13,
PO-174,2025-03-05,SUP005,MAT020,2500,2500,2025-03-19,2025-03-18
PO-175,2025-03-06,SUP006,MAT003,4800,0,2025-03-18,
PO-176,2025-03-06,SUP010,MAT018,2000,2000,2025-03-17,2025-03-19
PO-177,2025-03-06,SUP004,MAT013,3000,3000,2025-03-19,2025-03-22
PO-178,2025-03-06,SUP002,MAT015,500,500,2025-03-15,2025-03-19
PO-179,2025-03-07,SUP007,MAT008,4800,4800,2025-03-17,2025-03-20
PO-180,2025-03-07,SUP007,MAT007,2500,2500,2025-03-21,2025-03-24
PO-181,2025-03-07,SUP008,MAT015,3000,3000,2025-03-14,2025-03-15
PO-182,2025-03-08,SUP003,MAT015,2500,2500,2025-03-21,2025-03-21
PO-183,2025-03-09,SUP002,MAT014,500,0,2025-03-19,
PO-184,2025-03-09,SUP003,MAT018,2500,2500,2025-03-23,2025-03-26
PO-185,2025-03-09,SUP008,MAT002,1200,1200,2025-03-17,2025-03-22
PO-186,2025-03-10,SUP003,MAT002,4800,4800,2025-03-24,2025-03-23
PO-187,2025-03-10,SUP003,MAT011,4800,4800,2025-03-22,2025-03-26
PO-188,2025-03-10,SUP007,MAT012,5000,5000,2025-03-20,2025-03-21
PO-189,2025-03-11,SUP006,MAT011,3000,3000,2025-03-21,2025-03-23
PO-190,2025-03-11,SUP008,MAT016,1500,1500,2025-03-20,2025-03-25
PO-191,2025-03-12,SUP003,MAT005,1200,1200,2025-03-25,2025-03-28
PO-192,2025-03-13,SUP004,MAT012,4800,4800,2025-03-26,2025-03-29
PO-193,2025-03-13,SUP010,MAT008,1200,1200,2025-04-03,2025-04-06
PO-194,2025-03-13,SUP008,MAT013,2500,2500,2025-03-26,2025-03-27
PO-195,2025-03-14,SUP005,MAT011,5000,5000,2025-03-27,2025-03-28
PO-196,2025-03-14,SUP006,MAT004,2000,2000,2025-03-25,2025-03-26
PO-197,2025-03-14,SUP003,MAT007,1000,1000,2025-03-26,2025-03-30
PO-198,2025-03-14,SUP006,MAT004,1000,1000,2025-03-23,2025-03-28
PO-199,2025-03-14,SUP004,MAT001,2500,2500,2025-03-21,2025-03-23
PO-200,2025-03-15,SUP008,MAT002,2000,2000,2025-03-26,2025-03-27
PO-201,2025-03-15,SUP003,MAT008,2500,2500,2025-03-25,2025-03-24
PO-202,2025-03-17,SUP002,MAT015,5000,5000,2025-03-30,2025-03-30
PO-203,2025-03-17,SUP008,MAT007,1500,1500,2025-03-26,2025-03-31
PO-204,2025-03-17,SUP009,MAT001,500,500,2025-03-26,2025-03-27
PO-205,2025-03-17,SUP008,MAT019,1500,1500,2025-03-28,2025-03-30
PO-206,2025-03-17,SUP009,MAT010,2500,2500,2025-03-28,2025-04-01
PO-207,2025-03-18,SUP008,MAT014,2500,0,2025-03-28,
PO-208,2025-03-18,SUP003,MAT011,3000,0,2025-03-31,
PO-209,2025-03-18,SUP003,MAT007,1000,1000,2025-03-30,2025-04-02
PO-210,2025-03-18,SUP007,MAT003,4800,4800,2025-04-01,2025-04-02
PO-211,2025-03-19,SUP006,MAT014,1000,1000,2025-03-30,2025-04-04
PO-212,2025-03-19,SUP004,MAT014,1500,1500,2025-03-29,2025-03-31
PO-213,2025-03-20,SUP009,MAT014,3000,3000,2025-03-29,2025-03-31
PO-214,2025-03-20,SUP006,MAT013,1200,1200,2025-03-31,2025-03-29
PO-215,2025-03-20,SUP002,MAT020,3000,3000,2025-03-29,2025-03-30
PO-216,2025-03-22,SUP009,MAT005,2500,2500,2025-04-05,2025-04-03
PO-217,2025-03-22,SUP008,MAT002,4800,4800,2025-04-04,2025-04-04
PO-218,2025-03-22,SUP004,MAT002,5000,5000,2025-04-04,2025-04-02
PO-219,2025-03-22,SUP006,MAT002,1000,1000,2025-04-01,2025-04-03
PO-220,2025-03-23,SUP003,MAT001,1000,1000,2025-03-30,2025-04-01
PO-221,2025-03-23,SUP010,MAT003,3000,3000,2025-03-31,2025-03-29
PO-222,2025-03-24,SUP005,MAT003,2500,0,2025-04-02,
PO-223,2025-03-24,SUP006,MAT006,4800,4800,2025-04-03,2025-04-01
PO-224,2025-03-24,SUP005,MAT008,1500,0,2025-04-02,
PO-225,2025-03-24,SUP008,MAT003,2000,2000,2025-03-31,2025-04-03
PO-226,2025-03-25,SUP005,MAT011,1200,0,2025-04-01,
PO-227,2025-03-25,SUP009,MAT011,1500,1500,2025-04-08,2025-04-07
PO-228,2025-03-25,SUP007,MAT015,1000,1000,2025-04-06,2025-04-09
PO-229,2025-03-26,SUP010,MAT013,3000,3000,2025-04-08,2025-04-11
PO-230,2025-03-26,SUP009,MAT016,3000,3000,2025-04-05,2025-04-05
PO-231,2025-03-27,SUP009,MAT014,2000,2000,2025-04-09,2025-04-14
PO-232,2025-03-27,SUP007,MAT005,1000,0,2025-04-09,
PO-233,2025-03-28,SUP005,MAT016,1200,1200,2025-04-10,2025-04-12
PO-234,2025-03-28,SUP009,MAT018,3000,3000,2025-04-08,2025-04-06
PO-235,2025-03-28,SUP009,MAT016,500,500,2025-04-09,2025-04-12
PO-236,2025-03-28,SUP010,MAT008,4800,4800,2025-04-04,2025-04-02
PO-237,2025-03-29,SUP008,MAT003,1200,1200,2025-04-08,2025-04-06
PO-238,2025-03-30,SUP008,MAT013,3000,3000,2025-04-06,2025-04-08
PO-239,2025-03-30,SUP002,MAT019,4800,0,2025-04-06,
PO-240,2025-03-30,SUP010,MAT015,500,500,2025-04-09,2025-04-13
PO-241,2025-03-30,SUP004,MAT013,2000,0,2025-04-06,
PO-242,2025-03-31,SUP005,MAT012,500,500,2025-04-12,2025-04-11
PO-243,2025-03-31,SUP004,MAT016,500,500,2025-04-13,2025-04-16
PO-244,2025-03-31,SUP003,MAT015,2000,2000,2025-04-12,2025-04-15
PO-245,2025-04-01,SUP005,MAT005,5000,5000,2025-04-12,2025-04-14
PO-246,2025-04-01,SUP007,MAT013,1200,1200,2025-04-14,2025-04-16
PO-247,2025-04-01,SUP008,MAT020,3200,2560,2025-04-11,2025-04-13
PO-248,2025-04-02,SUP006,MAT016,5000,5000,2025-04-13,2025-04-11
PO-249,2025-04-02,SUP010,MAT015,2000,0,2025-04-11,
PO-250,2025-04-02,SUP009,MAT005,2000,2000,2025-04-14,2025-04-12
PO-251,2025-04-02,SUP007,MAT015,5000,5000,2025-04-16,2025-04-17
PO-252,2025-04-03,SUP008,MAT001,2000,2000,2025-04-13,2025-04-14
PO-253,2025-04-03,SUP005,MAT015,500,500,2025-04-16,2025-04-19
PO-254,2025-04-04,SUP006,MAT011,3000,3000,2025-04-11,2025-04-16
PO-255,2025-04-04,SUP004,MAT011,2000,2000,2025-04-15,2025-04-17
PO-256,2025-04-05,SUP006,MAT005,1000,0,2025-04-17,
PO-257,2025-04-05,SUP007,MAT012,2500,2500,2025-04-14,2025-04-12
PO-258,2025-04-05,SUP007,MAT019,1500,1500,2025-04-15,2025-04-15
PO-259,2025-04-05,SUP008,MAT008,1200,1200,2025-04-19,2025-04-24
PO-260,2025-04-06,SUP007,MAT015,2000,2000,2025-04-16,2025-04-15
PO-261,2025-04-06,SUP002,MAT017,5000,5000,2025-04-16,2025-04-15
PO-262,2025-04-06,SUP005,MAT008,3000,3000,2025-04-20,2025-04-23
PO-263,2025-04-07,SUP006,MAT009,2500,2500,2025-04-16,2025-04-20
PO-264,2025-04-07,SUP010,MAT014,2000,2000,2025-04-19,2025-04-17
PO-265,2025-04-07,SUP002,MAT007,500,500,2025-04-20,2025-04-25
PO-266,2025-04-08,SUP007,MAT005,4800,4800,2025-04-16,2025-04-17
PO-267,2025-04-08,SUP005,MAT014,2500,2500,2025-04-16,2025-04-18
PO-268,2025-04-09,SUP009,MAT009,2000,2000,2025-04-21,2025-04-22
PO-269,2025-04-09,SUP002,MAT003,4800,4800,2025-04-23,2025-04-26
PO-270,2025-04-10,SUP007,MAT002,2500,0,2025-04-21,
PO-271,2025-04-10,SUP009,MAT013,1000,1000,2025-04-17,2025-04-21
PO-272,2025-04-11,SUP003,MAT019,2000,2000,2025-04-19,2025-04-21
PO-273,2025-04-11,SUP006,MAT008,2000,2000,2025-04-21,2025-04-23
PO-274,2025-04-11,SUP003,MAT006,2500,0,2025-04-20,
PO-275,2025-04-12,SUP007,MAT008,1000,1000,2025-04-24,2025-04-26
PO-276,2025-04-12,SUP003,MAT006,1200,0,2025-04-24,
PO-277,2025-04-12,SUP004,MAT015,5000,5000,2025-04-24,2025-04-22
PO-278,2025-04-13,SUP006,MAT001,2000,2000,2025-04-24,2025-04-29
PO-279,2025-04-13,SUP003,MAT015,4800,4800,2025-04-24,2025-04-23
PO-280,2025-04-13,SUP003,MAT006,1500,1500,2025-04-25,2025-04-29
PO-281,2025-04-13,SUP004,MAT007,2000,2000,2025-04-26,2025-04-25
PO-282,2025-04-13,SUP008,MAT016,1200,1200,2025-04-25,2025-04-24
PO-283,2025-04-13,SUP006,MAT014,4800,4800,2025-04-22,2025-04-24
PO-284,2025-04-14,SUP005,MAT010,5000,5000,2025-04-22,2025-04-26
PO-285,2025-04-14,SUP007,MAT006,500,500,2025-04-27,2025-04-25
PO-286,2025-04-14,SUP007,MAT007,1200,0,2025-04-26,
PO-287,2025-04-14,SUP009,MAT001,2500,2500,2025-04-27,2025-04-25
PO-288,2025-04-14,SUP005,MAT018,1000,1000,2025-04-28,2025-05-01
PO-289,2025-04-14,SUP003,MAT010,800,800,2025-04-28,2025-04-30
PO-290,2025-04-18,SUP006,MAT017,1000,1000,2025-04-27,2025-04-28
PO-291,2025-04-19,SUP009,MAT015,3000,3000,2025-05-02,2025-05-04
PO-292,2025-04-19,SUP003,MAT008,500,500,2025-04-30,2025-04-28
PO-293,2025-04-19,SUP007,MAT003,4800,0,2025-04-26,
PO-294,2025-04-19,SUP006,MAT013,3000,3000,2025-04-29,2025-05-04
PO-295,2025-04-20,SUP004,MAT017,5000,5000,2025-04-28,2025-04-26
PO-296,2025-04-20,SUP004,MAT019,2500,2500,2025-04-28,2025-04-30
PO-297,2025-04-20,SUP008,MAT019,5000,4000,2025-04-27,2025-04-29
PO-298,2025-04-21,SUP006,MAT001,5000,5000,2025-05-04,2025-05-03
PO-299,2025-04-21,SUP003,MAT015,500,500,2025-04-28,2025-04-28
PO-300,2025-04-22,SUP009,MAT013,500,500,2025-05-05,2025-05-04
PO-301,2025-04-22,SUP009,MAT017,500,0,2025-05-05,
PO-302,2025-04-22,SUP006,MAT011,4800,4800,2025-05-04,2025-05-07
PO-303,2025-04-23,SUP004,MAT007,3000,3000,2025-05-02,2025-04-30
PO-304,2025-04-23,SUP002,MAT006,1200,1200,2025-05-06,2025-05-11
PO-305,2025-04-23,SUP008,MAT013,500,500,2025-04-30,2025-05-01
PO-306,2025-04-23,SUP010,MAT012,500,0,2025-05-01,
PO-307,2025-04-23,SUP003,MAT006,5000,5000,2025-05-05,2025-05-05
PO-308,2025-04-24,SUP009,MAT019,1200,1200,2025-05-02,2025-05-07
PO-309,2025-04-24,SUP006,MAT004,3000,3000,2025-05-07,2025-05-06
PO-310,2025-04-24,SUP006,MAT020,1500,1500,2025-05-05,2025-05-06
PO-311,2025-04-24,SUP004,MAT004,5000,0,2025-05-05,
PO-312,2025-04-24,SUP009,MAT013,5000,5000,2025-05-07,2025-05-12
PO-313,2025-04-24,SUP002,MAT017,4800,4800,2025-05-07,2025-05-08
PO-314,2025-04-26,SUP006,MAT008,1500,1500,2025-05-08,2025-05-11
PO-315,2025-04-26,SUP009,MAT010,5000,5000,2025-05-03,2025-05-01
PO-316,2025-04-26,SUP010,MAT001,1200,1200,2025-05-10,2025-05-09
PO-317,2025-04-26,SUP004,MAT012,1500,1500,2025-05-07,2025-05-11
PO-318,2025-04-27,SUP003,MAT010,5000,5000,2025-05-10,2025-05-08
PO-319,2025-04-27,SUP010,MAT014,2000,0,2025-05-11,
PO-320,2025-04-27,SUP002,MAT008,2000,2000,2025-05-05,2025-05-09
PO-321,2025-04-27,SUP006,MAT009,1000,1000,2025-05-04,2025-05-02
PO-322,2025-04-27,SUP007,MAT003,500,500,2025-05-10,2025-05-13
PO-323,2025-04-28,SUP008,MAT020,4800,4800,2025-05-06,2025-05-11
PO-324,2025-04-28,SUP010,MAT020,4800,4800,2025-05-12,2025-05-10
PO-325,2025-04-28,SUP007,MAT018,500,0,2025-05-10,
PO-326,2025-04-29,SUP010,MAT019,1500,1500,2025-05-09,2025-05-07
PO-327,2025-04-29,SUP006,MAT009,2500,2500,2025-05-13,2025-05-15
PO-328,2025-04-29,SUP010,MAT010,3000,3000,2025-05-06,2025-05-09
PO-329,2025-04-29,SUP010,MAT020,1000,0,2025-05-08,
PO-330,2025-04-29,SUP002,MAT010,2000,2000,2025-05-09,2025-05-14
PO-331,2025-04-30,SUP006,MAT017,4800,4800,2025-05-11,2025-05-16
PO-332,2025-04-30,SUP005,MAT010,5000,5000,2025-05-11,2025-05-09
PO-333,2025-05-01,SUP004,MAT016,500,500,2025-05-09,2025-05-10
PO-334,2025-05-02,SUP002,MAT015,1000,1000,2025-05-10,2025-05-08
PO-335,2025-05-02,SUP002,MAT005,2000,0,2025-05-14,
PO-336,2025-05-02,SUP009,MAT007,500,0,2025-05-12,
PO-337,2025-05-02,SUP007,MAT004,1000,1000,2025-05-09,2025-05-09
PO-338,2025-05-02,SUP004,MAT017,3000,0,2025-05-11,
PO-339,2025-05-03,SUP007,MAT019,1200,1200,2025-05-15,2025-05-20
PO-340,2025-05-03,SUP007,MAT019,1200,1200,2025-05-15,2025-05-18
PO-341,2025-05-03,SUP010,MAT001,1000,1000,2025-05-16,2025-05-14
PO-342,2025-05-03,SUP005,MAT016,1000,1000,2025-05-17,2025-05-16
PO-343,2025-05-04,SUP004,MAT010,2500,2500,2025-05-16,2025-05-20
PO-344,2025-05-04,SUP006,MAT017,2000,2000,2025-05-13,2025-05-14
PO-345,2025-05-04,SUP009,MAT019,1500,1500,2025-05-16,2025-05-18
PO-346,2025-05-05,SUP007,MAT013,1000,1000,2025-05-14,2025-05-16
PO-347,2025-05-05,SUP009,MAT012,4800,4800,2025-05-18,2025-05-19
PO-348,2025-05-05,SUP010,MAT010,2000,0,2025-05-14,
PO-349,2025-05-05,SUP006,MAT005,2500,2500,2025-05-17,2025-05-18
PO-350,2025-05-06,SUP006,MAT001,1200,1200,2025-05-19,2025-05-19
PO-351,2025-05-06,SUP010,MAT004,3000,3000,2025-05-16,2025-05-14
PO-352,2025-05-06,SUP003,MAT017,2500,0,2025-05-16,
PO-353,2025-05-06,SUP005,MAT011,6000,4800,2025-05-13,2025-05-19
PO-354,2025-05-06,SUP007,MAT015,5000,5000,2025-05-19,2025-05-23
PO-355,2025-05-06,SUP008,MAT017,1500,1500,2025-05-13,2025-05-13
PO-356,2025-05-06,SUP006,MAT017,2500,2500,2025-05-20,2025-05-19
PO-357,2025-05-06,SUP002,MAT016,1000,1000,2025-05-17,2025-05-17
PO-358,2025-05-07,SUP007,MAT004,4800,4800,2025-05-19,2025-05-22
PO-359,2025-05-07,SUP003,MAT001,1500,0,2025-05-17,
PO-360,2025-05-08,SUP010,MAT003,500,500,2025-05-18,2025-05-17
PO-361,2025-05-08,SUP006,MAT018,1200,1200,2025-05-15,2025-05-20
PO-362,2025-05-09,SUP005,MAT015,2000,2000,2025-05-17,2025-05-16
PO-363,2025-05-09,SUP003,MAT012,4800,4800,2025-05-17,2025-05-19
PO-364,2025-05-09,SUP006,MAT015,1000,1000,2025-05-23,2025-05-28
PO-365,2025-05-09,SUP010,MAT003,500,500,2025-05-19,2025-05-24
PO-366,2025-05-10,SUP006,MAT010,1000,1000,2025-05-18,2025-05-23
PO-367,2025-05-10,SUP008,MAT013,3000,3000,2025-05-20,2025-05-23
PO-368,2025-05-10,SUP003,MAT020,1200,1200,2025-05-23,2025-05-22
PO-369,2025-05-10,SUP009,MAT019,1200,1200,2025-05-21,2025-05-20
PO-370,2025-05-11,SUP002,MAT005,1200,1200,2025-05-23,2025-05-24
PO-371,2025-05-11,SUP004,MAT013,1000,1000,2025-05-22,2025-05-21
PO-372,2025-05-11,SUP006,MAT003,4800,4800,2025-05-21,2025-05-24
PO-373,2025-05-12,SUP003,MAT020,4800,4800,2025-05-24,2025-05-26
PO-374,2025-05-12,SUP010,MAT007,1000,1000,2025-05-24,2025-05-28
PO-375,2025-05-12,SUP003,MAT018,500,500,2025-05-22,2025-05-26
PO-376,2025-05-12,SUP009,MAT010,1500,1500,2025-05-25,2025-05-27
PO-377,2025-05-13,SUP009,MAT009,5000,5000,2025-05-20,2025-05-23
PO-378,2025-05-13,SUP003,MAT010,4800,4800,2025-05-20,2025-05-21
PO-379,2025-05-14,SUP002,MAT001,500,500,2025-05-26,2025-05-25
PO-380,2025-05-14,SUP004,MAT002,5000,5000,2025-05-25,2025-05-27
PO-381,2025-05-14,SUP007,MAT012,5000,0,2025-05-23,
PO-382,2025-05-14,SUP008,MAT006,2500,2500,2025-05-25,2025-05-24
PO-383,2025-05-16,SUP003,MAT003,3000,0,2025-05-26,
PO-384,2025-05-16,SUP010,MAT015,1500,1500,2025-05-26,2025-05-26
PO-385,2025-05-17,SUP010,MAT001,1200,1200,2025-05-25,2025-05-29
PO-386,2025-05-17,SUP002,MAT012,1200,0,2025-05-26,
PO-387,2025-05-18,SUP003,MAT009,2500,2500,2025-06-01,2025-05-31
PO-388,2025-05-18,SUP008,MAT014,5000,5000,2025-05-30,2025-06-04
PO-389,2025-05-18,SUP007,MAT004,900,900,2025-06-08,2025-06-09
PO-390,2025-05-18,SUP002,MAT002,4800,4800,2025-05-25,2025-05-30
PO-391,2025-05-19,SUP006,MAT004,1500,1500,2025-05-26,2025-05-28
PO-392,2025-05-19,SUP004,MAT019,2000,2000,2025-05-28,2025-05-28
PO-393,2025-05-20,SUP006,MAT013,5000,5000,2025-05-27,2025-05-27
PO-394,2025-05-21,SUP002,MAT020,4800,4800,2025-06-01,2025-06-05
PO-395,2025-05-21,SUP009,MAT009,5000,5000,2025-06-03,2025-06-02
PO-396,2025-05-22,SUP010,MAT016,2000,2000,2025-05-29,2025-05-30
PO-397,2025-05-23,SUP008,MAT007,1000,1000,2025-06-05,2025-06-04
PO-398,2025-05-24,SUP005,MAT012,1500,1500,2025-06-06,2025-06-05
PO-399,2025-05-24,SUP009,MAT016,4800,4800,2025-06-07,2025-06-11
PO-400,2025-05-24,SUP009,MAT011,4800,4800,2025-06-05,2025-06-06
PO-401,2025-05-25,SUP008,MAT002,1200,1200,2025-06-05,2025-06-03
PO-402,2025-05-26,SUP002,MAT004,500,500,2025-06-08,2025-06-10
PO-403,2025-05-26,SUP002,MAT013,1500,1500,2025-06-03,2025-06-05
PO-404,2025-05-26,SUP007,MAT016,1000,1000,2025-06-09,2025-06-12
PO-405,2025-05-26,SUP010,MAT016,500,0,2025-06-06,
PO-406,2025-05-26,SUP007,MAT004,500,500,2025-06-08,2025-06-12
PO-407,2025-05-26,SUP009,MAT015,500,500,2025-06-06,2025-06-10
PO-408,2025-05-27,SUP007,MAT019,2000,2000,2025-06-10,2025-06-11
PO-409,2025-05-27,SUP003,MAT003,500,500,2025-06-10,2025-06-11
PO-410,2025-05-27,SUP008,MAT005,1200,1200,2025-06-05,2025-06-06
PO-411,2025-05-27,SUP004,MAT020,500,500,2025-06-03,2025-06-03
PO-412,2025-05-28,SUP004,MAT008,500,500,2025-06-11,2025-06-15
PO-413,2025-05-28,SUP010,MAT018,5000,5000,2025-06-10,2025-06-13
PO-414,2025-05-28,SUP007,MAT003,1500,1500,2025-06-06,2025-06-06
PO-415,2025-05-29,SUP007,MAT002,4800,4800,2025-06-07,2025-06-07
PO-416,2025-05-29,SUP009,MAT017,4800,4800,2025-06-07,2025-06-05
PO-417,2025-05-29,SUP008,MAT009,1500,1500,2025-06-05,2025-06-03
PO-418,2025-05-29,SUP008,MAT020,500,500,2025-06-08,2025-06-11
PO-419,2025-05-30,SUP008,MAT005,3000,3000,2025-06-06,2025-06-11
PO-420,2025-05-30,SUP004,MAT006,1500,1500,2025-06-10,2025-06-13
PO-421,2025-05-30,SUP010,MAT006,2500,2500,2025-06-12,2025-06-15
PO-422,2025-05-30,SUP010,MAT015,1200,1200,2025-06-09,2025-06-09
PO-423,2025-05-30,SUP005,MAT017,1500,1500,2025-06-07,2025-06-10
PO-424,2025-05-31,SUP007,MAT011,3000,3000,2025-06-14,2025-06-14
PO-425,2025-05-31,SUP010,MAT006,4800,4800,2025-06-08,2025-06-09
PO-426,2025-05-31,SUP002,MAT019,5000,5000,2025-06-11,2025-06-14
PO-427,2025-05-31,SUP010,MAT019,1200,1200,2025-06-10,2025-06-09
PO-428,2025-06-01,SUP005,MAT005,4800,4800,2025-06-08,2025-06-12
PO-429,2025-06-01,SUP006,MAT018,1500,1500,2025-06-12,2025-06-10
PO-430,2025-06-01,SUP004,MAT011,5000,5000,2025-06-14,2025-06-12
PO-431,2025-06-01,SUP007,MAT015,1200,1200,2025-06-10,2025-06-09
PO-432,2025-06-02,SUP009,MAT013,3000,3000,2025-06-09,2025-06-08
PO-433,2025-06-02,SUP006,MAT001,3000,3000,2025-06-10,2025-06-15
PO-434,2025-06-02,SUP004,MAT014,5000,0,2025-06-10,
PO-435,2025-06-03,SUP010,MAT003,5000,0,2025-06-13,
PO-436,2025-06-03,SUP004,MAT014,5000,0,2025-06-14,
PO-437,2025-06-03,SUP002,MAT017,3000,0,2025-06-10,
PO-438,2025-06-03,SUP003,MAT006,3000,3000,2025-06-11,2025-06-11
PO-439,2025-06-04,SUP003,MAT010,1200,1200,2025-06-18,2025-06-20
PO-440,2025-06-05,SUP010,MAT010,4800,4800,2025-06-13,2025-06-18
PO-441,2025-06-05,SUP003,MAT007,4800,4800,2025-06-16,2025-06-19
PO-442,2025-06-06,SUP009,MAT006,1500,1500,2025-06-20,2025-06-23
PO-443,2025-06-06,SUP006,MAT002,2500,2500,2025-06-14,2025-06-17
PO-444,2025-06-07,SUP010,MAT006,1200,1200,2025-06-17,2025-06-22
PO-445,2025-06-07,SUP009,MAT018,1500,1500,2025-06-15,2025-06-17
PO-446,2025-06-07,SUP010,MAT013,2000,2000,2025-06-16,2025-06-14
PO-447,2025-06-08,SUP008,MAT014,1000,1000,2025-06-19,2025-06-21
PO-448,2025-06-08,SUP008,MAT007,1000,1000,2025-06-22,2025-06-23
PO-449,2025-06-09,SUP004,MAT001,3000,3000,2025-06-16,2025-06-18
PO-450,2025-06-09,SUP010,MAT016,2500,0,2025-06-20,
PO-451,2025-06-09,SUP005,MAT020,500,500,2025-06-17,2025-06-16
PO-452,2025-06-09,SUP003,MAT017,1200,1200,2025-06-16,2025-06-20
PO-453,2025-06-09,SUP004,MAT011,1500,1500,2025-06-23,2025-06-27
PO-454,2025-06-10,SUP010,MAT015,1000,1000,2025-06-20,2025-06-21
PO-455,2025-06-10,SUP005,MAT012,5000,5000,2025-06-17,2025-06-21
PO-456,2025-06-11,SUP009,MAT009,500,500,2025-06-25,2025-06-28
PO-457,2025-06-11,SUP003,MAT004,1000,0,2025-06-24,
PO-458,2025-06-13,SUP009,MAT015,1200,1200,2025-06-25,2025-06-24
PO-459,2025-06-13,SUP004,MAT013,2000,0,2025-06-21,
PO-460,2025-06-13,SUP010,MAT009,4800,4800,2025-06-27,2025-06-27
PO-461,2025-06-13,SUP009,MAT013,1800,1800,2025-06-20,2025-06-26
PO-462,2025-06-15,SUP004,MAT002,3000,3000,2025-06-24,2025-06-29
PO-463,2025-06-15,SUP006,MAT015,3000,0,2025-06-23,
PO-464,2025-06-15,SUP008,MAT010,4800,4800,2025-06-22,2025-06-20
PO-465,2025-06-15,SUP008,MAT001,2500,2500,2025-06-22,2025-06-25
PO-466,2025-06-16,SUP002,MAT005,3000,3000,2025-06-26,2025-06-24
PO-467,2025-06-17,SUP007,MAT003,500,500,2025-07-01,2025-07-06
PO-468,2025-06-17,SUP008,MAT013,5000,0,2025-06-25,
PO-469,2025-06-18,SUP010,MAT018,1500,1500,2025-06-25,2025-06-23
PO-470,2025-06-18,SUP002,MAT003,1200,1200,2025-06-25,2025-07-01
PO-471,2025-06-19,SUP005,MAT006,500,500,2025-06-30,2025-06-29
PO-472,2025-06-19,SUP007,MAT012,3000,3000,2025-06-29,2025-06-29
PO-473,2025-06-20,SUP003,MAT016,1500,0,2025-07-01,
PO-474,2025-06-20,SUP007,MAT012,1200,0,2025-06-28,
PO-475,2025-06-20,SUP006,MAT007,2000,2000,2025-07-03,2025-07-02
PO-476,2025-06-21,SUP002,MAT006,500,500,2025-06-30,2025-07-03
PO-477,2025-06-22,SUP003,MAT009,2500,0,2025-07-06,
PO-478,2025-06-22,SUP010,MAT014,1500,1500,2025-07-05,2025-07-09
PO-479,2025-06-24,SUP006,MAT017,2500,2500,2025-07-02,2025-07-05
PO-480,2025-06-24,SUP003,MAT019,2000,2000,2025-07-03,2025-07-07
PO-481,2025-06-24,SUP007,MAT020,500,500,2025-07-04,2025-07-08
PO-482,2025-06-25,SUP010,MAT007,4800,0,2025-07-04,
PO-483,2025-06-25,SUP007,MAT014,2500,2500,2025-07-07,2025-07-10
PO-484,2025-06-25,SUP003,MAT012,2500,2500,2025-07-02,2025-06-30
PO-485,2025-06-25,SUP003,MAT007,1000,1000,2025-07-02,2025-07-03
PO-486,2025-06-25,SUP005,MAT014,4800,4800,2025-07-09,2025-07-13
PO-487,2025-06-25,SUP010,MAT013,500,500,2025-07-03,2025-07-08
PO-488,2025-06-26,SUP008,MAT003,1500,1500,2025-07-04,2025-07-04
PO-489,2025-06-26,SUP003,MAT008,500,500,2025-07-09,2025-07-11
PO-490,2025-06-26,SUP005,MAT017,500,500,2025-07-08,2025-07-09
PO-491,2025-06-27,SUP002,MAT017,4800,4800,2025-07-06,2025-07-09
PO-492,2025-06-27,SUP008,MAT003,4800,4800,2025-07-08,2025-07-09
PO-493,2025-06-27,SUP004,MAT010,2000,2000,2025-07-10,2025-07-09
PO-494,2025-06-28,SUP004,MAT010,1500,0,2025-07-11,
PO-495,2025-06-28,SUP010,MAT018,1500,1500,2025-07-08,2025-07-10
PO-496,2025-06-28,SUP006,MAT002,1500,1500,2025-07-08,2025-07-15
PO-497,2025-06-28,SUP004,MAT018,1500,0,2025-07-07,
PO-498,2025-06-28,SUP004,MAT009,500,0,2025-07-08,
PO-499,2025-06-28,SUP010,MAT012,1200,0,2025-07-05,
PO-500,2025-06-29,SUP002,MAT013,2500,0,2025-07-10,
PO-501,2025-06-29,SUP005,MAT001,500,500,2025-07-10,2025-07-13
PO-502,2025-06-29,SUP005,MAT007,3000,3000,2025-07-07,2025-07-08
PO-503,2025-06-29,SUP010,MAT020,500,500,2025-07-06,2025-07-09
PO-504,2025-06-29,SUP002,MAT005,300,300,2025-07-20,2025-07-23
PO-505,2025-06-30,SUP003,MAT006,3000,0,2025-07-11,
PO-506,2025-06-30,SUP002,MAT018,1500,0,2025-07-10,
PO-507,2025-06-30,SUP004,MAT003,1500,1500,2025-07-12,2025-07-15
PO-508,2025-07-01,SUP002,MAT017,1000,1000,2025-07-11,2025-07-12
PO-509,2025-07-02,SUP008,MAT007,1200,1200,2025-07-11,2025-07-14
PO-510,2025-07-03,SUP004,MAT014,5000,5000,2025-07-16,2025-07-15
PO-511,2025-07-03,SUP007,MAT019,3000,3000,2025-07-14,2025-07-15
PO-512,2025-07-04,SUP005,MAT012,4800,3840,2025-07-11,2025-07-14
PO-513,2025-07-04,SUP005,MAT004,3000,3000,2025-07-18,2025-07-20
PO-514,2025-07-05,SUP009,MAT001,5000,5000,2025-07-19,2025-07-23
PO-515,2025-07-05,SUP009,MAT014,2000,0,2025-07-14,
PO-516,2025-07-06,SUP006,MAT003,2000,2000,2025-07-20,2025-07-21
PO-517,2025-07-06,SUP008,MAT008,500,500,2025-07-13,2025-07-13
PO-518,2025-07-06,SUP006,MAT019,1500,1500,2025-07-17,2025-07-19
PO-519,2025-07-06,SUP004,MAT019,3000,0,2025-07-15,
PO-520,2025-07-06,SUP009,MAT008,1200,1200,2025-07-18,2025-07-22
PO-521,2025-07-07,SUP008,MAT004,5000,0,2025-07-20,
PO-522,2025-07-07,SUP008,MAT001,1500,1500,2025-07-16,2025-07-21
PO-523,2025-07-07,SUP005,MAT001,1500,1500,2025-07-20,2025-07-24
PO-524,2025-07-08,SUP009,MAT016,1000,0,2025-07-22,
PO-525,2025-07-08,SUP009,MAT002,2500,2500,2025-07-16,2025-07-19
PO-526,2025-07-08,SUP002,MAT018,4800,0,2025-07-21,
PO-527,2025-07-09,SUP002,MAT011,500,500,2025-07-18,2025-07-18
PO-528,2025-07-09,SUP010,MAT006,4800,4800,2025-07-23,2025-07-23
PO-529,2025-07-09,SUP006,MAT011,4800,4800,2025-07-17,2025-07-17
PO-530,2025-07-10,SUP009,MAT010,1000,1000,2025-07-20,2025-07-25
PO-531,2025-07-11,SUP005,MAT009,500,0,2025-07-18,
PO-532,2025-07-11,SUP004,MAT010,3000,3000,2025-07-21,2025-07-23
PO-533,2025-07-11,SUP010,MAT003,1200,1200,2025-07-22,2025-07-24
PO-534,2025-07-11,SUP010,MAT013,2000,2000,2025-07-24,2025-07-24
PO-535,2025-07-11,SUP008,MAT006,4800,4800,2025-07-20,2025-07-18
PO-536,2025-07-12,SUP005,MAT018,1000,0,2025-07-24,
PO-537,2025-07-12,SUP006,MAT017,5000,5000,2025-07-21,2025-07-25
PO-538,2025-07-12,SUP003,MAT019,1000,1000,2025-07-22,2025-07-26
PO-539,2025-07-13,SUP004,MAT019,2000,0,2025-07-25,
PO-540,2025-07-14,SUP009,MAT012,1500,1500,2025-07-25,2025-07-30
PO-541,2025-07-14,SUP002,MAT019,1200,1200,2025-07-25,2025-07-26
PO-542,2025-07-14,SUP007,MAT018,2500,2500,2025-07-24,2025-07-24
PO-543,2025-07-14,SUP009,MAT013,2000,2000,2025-07-24,2025-07-24
PO-544,2025-07-15,SUP002,MAT006,1200,1200,2025-07-27,2025-07-30
PO-545,2025-07-15,SUP002,MAT009,500,500,2025-07-26,2025-07-30
PO-546,2025-07-16,SUP003,MAT013,1500,1500,2025-07-23,2025-07-23
PO-547,2025-07-16,SUP010,MAT007,1000,0,2025-07-25,
PO-548,2025-07-16,SUP008,MAT002,5000,0,2025-07-25,
PO-549,2025-07-17,SUP009,MAT014,4800,0,2025-07-26,
PO-550,2025-07-17,SUP010,MAT001,1200,1200,2025-07-24,2025-07-26
PO-551,2025-07-17,SUP006,MAT015,3000,3000,2025-07-25,2025-07-28
PO-552,2025-07-18,SUP003,MAT009,500,500,2025-08-01,2025-07-31
PO-553,2025-07-18,SUP006,MAT009,2500,2500,2025-07-31,2025-08-02
PO-554,2025-07-19,SUP004,MAT004,1200,1200,2025-07-28,2025-07-30
PO-555,2025-07-19,SUP008,MAT017,1200,1200,2025-07-28,2025-07-26
PO-556,2025-07-20,SUP003,MAT001,4800,4800,2025-08-02,2025-08-06
PO-557,2025-07-20,SUP008,MAT004,1200,1200,2025-07-27,2025-08-01
PO-558,2025-07-21,SUP002,MAT009,500,500,2025-07-30,2025-08-02
PO-559,2025-07-22,SUP008,MAT005,2000,2000,2025-08-03,2025-08-08
PO-560,2025-07-23,SUP009,MAT003,1000,1000,2025-07-30,2025-07-29
PO-561,2025-07-23,SUP006,MAT008,500,500,2025-08-03,2025-08-06
PO-562,2025-07-23,SUP008,MAT008,1500,1500,2025-08-05,2025-08-03
PO-563,2025-07-23,SUP010,MAT017,500,500,2025-08-06,2025-08-07
PO-564,2025-07-23,SUP004,MAT016,5000,5000,2025-08-06,2025-08-06
PO-565,2025-07-23,SUP010,MAT007,1500,1500,2025-07-30,2025-08-01
PO-566,2025-07-24,SUP003,MAT007,2500,0,2025-08-07,
PO-567,2025-07-24,SUP003,MAT007,3600,3600,2025-08-07,2025-08-07
PO-568,2025-07-25,SUP008,MAT014,3000,3000,2025-08-07,2025-08-10
PO-569,2025-07-25,SUP009,MAT015,2500,2500,2025-08-07,2025-08-11
PO-570,2025-07-25,SUP009,MAT017,1500,1500,2025-08-04,2025-08-09
PO-571,2025-07-25,SUP003,MAT018,5000,5000,2025-08-02,2025-08-05
PO-572,2025-07-25,SUP007,MAT010,1200,1200,2025-08-08,2025-08-06
PO-573,2025-07-26,SUP003,MAT006,4800,4800,2025-08-05,2025-08-06
PO-574,2025-07-26,SUP006,MAT003,2500,2500,2025-08-03,2025-08-06
PO-575,2025-07-26,SUP005,MAT012,1500,0,2025-08-03,
PO-576,2025-07-27,SUP002,MAT004,2500,2500,2025-08-06,2025-08-10
PO-577,2025-07-28,SUP004,MAT018,1000,0,2025-08-09,
PO-578,2025-07-28,SUP003,MAT006,3200,3200,2025-08-11,2025-08-11
PO-579,2025-07-29,SUP006,MAT016,1000,1000,2025-08-11,2025-08-10
PO-580,2025-07-29,SUP007,MAT006,4800,0,2025-08-08,
PO-581,2025-07-30,SUP009,MAT019,1200,1200,2025-08-08,2025-08-10
PO-582,2025-07-30,SUP010,MAT010,500,500,2025-08-10,2025-08-14
PO-583,2025-07-30,SUP010,MAT009,1500,1500,2025-08-20,2025-08-22
PO-584,2025-07-30,SUP009,MAT003,1000,1000,2025-08-13,2025-08-14
PO-585,2025-07-31,SUP004,MAT017,7500,7500,2025-08-14,2025-08-15
PO-586,2025-08-01,SUP007,MAT014,500,0,2025-08-15,
PO-587,2025-08-01,SUP005,MAT020,5000,0,2025-08-15,
PO-588,2025-08-01,SUP003,MAT007,2500,2500,2025-08-11,2025-08-15
PO-589,2025-08-01,SUP004,MAT020,2000,2000,2025-08-11,2025-08-14
PO-590,2025-08-02,SUP004,MAT011,500,0,2025-08-10,
PO-591,2025-08-02,SUP007,MAT015,4800,4800,2025-08-09,2025-08-07
PO-592,2025-08-02,SUP008,MAT018,500,500,2025-08-13,2025-08-12
PO-593,2025-08-02,SUP009,MAT014,4800,4800,2025-08-10,2025-08-13
PO-594,2025-08-02,SUP009,MAT019,1000,1000,2025-08-12,2025-08-13
PO-595,2025-08-02,SUP007,MAT010,2000,2000,2025-08-16,2025-08-14
PO-596,2025-08-02,SUP004,MAT006,1200,1200,2025-08-14,2025-08-17
PO-597,2025-08-02,SUP003,MAT008,1200,1200,2025-08-13,2025-08-12
PO-598,2025-08-02,SUP002,MAT015,500,0,2025-08-13,
PO-599,2025-08-03,SUP007,MAT019,500,500,2025-08-14,2025-08-19
PO-600,2025-08-03,SUP005,MAT017,4800,4800,2025-08-12,2025-08-12
PO-601,2025-08-03,SUP007,MAT004,2000,2000,2025-08-14,2025-08-13
PO-602,2025-08-03,SUP004,MAT004,4800,4800,2025-08-17,2025-08-19
PO-603,2025-08-03,SUP008,MAT008,2000,2000,2025-08-17,2025-08-21
PO-604,2025-08-04,SUP009,MAT015,5000,5000,2025-08-13,2025-08-13
PO-605,2025-08-05,SUP002,MAT007,4800,4800,2025-08-18,2025-08-22
PO-606,2025-08-05,SUP005,MAT017,500,500,2025-08-13,2025-08-17
PO-607,2025-08-05,SUP008,MAT018,1500,1500,2025-08-15,2025-08-16
PO-608,2025-08-06,SUP005,MAT004,3000,3000,2025-08-15,2025-08-13
PO-609,2025-08-06,SUP002,MAT010,1500,1500,2025-08-18,2025-08-22
PO-610,2025-08-07,SUP002,MAT019,1500,0,2025-08-20,
PO-611,2025-08-07,SUP008,MAT005,1000,1000,2025-08-20,2025-08-25
PO-612,2025-08-08,SUP006,MAT008,2000,2000,2025-08-22,2025-08-22
PO-613,2025-08-08,SUP007,MAT006,1000,1000,2025-08-17,2025-08-21
PO-614,2025-08-08,SUP008,MAT007,2000,2000,2025-08-22,2025-08-26
PO-615,2025-08-08,SUP010,MAT015,500,0,2025-08-20,
PO-616,2025-08-09,SUP004,MAT009,1200,0,2025-08-23,
PO-617,2025-08-09,SUP007,MAT005,3000,3000,2025-08-19,2025-08-22
PO-618,2025-08-09,SUP008,MAT012,2000,2000,2025-08-17,2025-08-21
PO-619,2025-08-09,SUP009,MAT019,1000,1000,2025-08-21,2025-08-24
PO-620,2025-08-10,SUP008,MAT004,1500,0,2025-08-20,
PO-621,2025-08-10,SUP008,MAT017,3000,3000,2025-08-23,2025-08-26
PO-622,2025-08-10,SUP003,MAT018,2000,0,2025-08-23,
PO-623,2025-08-10,SUP008,MAT002,2000,2000,2025-08-20,2025-08-19
PO-624,2025-08-10,SUP010,MAT007,1500,1500,2025-08-21,2025-08-21
PO-625,2025-08-11,SUP008,MAT006,2000,0,2025-08-23,
PO-626,2025-08-11,SUP005,MAT003,4800,4800,2025-08-23,2025-08-28
PO-627,2025-08-11,SUP009,MAT016,1000,1000,2025-08-24,2025-08-22
PO-628,2025-08-12,SUP005,MAT007,5000,5000,2025-08-23,2025-08-27
PO-629,2025-08-12,SUP010,MAT012,500,500,2025-08-25,2025-08-23
PO-630,2025-08-12,SUP006,MAT001,1200,1200,2025-08-24,2025-08-25
PO-631,2025-08-12,SUP010,MAT001,3000,3000,2025-08-20,2025-08-18
PO-632,2025-08-13,SUP006,MAT020,5000,5000,2025-08-22,2025-08-27
PO-633,2025-08-13,SUP004,MAT019,2500,2500,2025-08-22,2025-08-24
PO-634,2025-08-14,SUP008,MAT007,1500,1500,2025-08-24,2025-08-25
PO-635,2025-08-14,SUP010,MAT014,2000,2000,2025-08-26,2025-08-29
PO-636,2025-08-14,SUP009,MAT012,1500,0,2025-08-22,
PO-637,2025-08-14,SUP003,MAT017,1200,0,2025-08-25,
PO-638,2025-08-15,SUP008,MAT003,5000,5000,2025-08-26,2025-08-29
PO-639,2025-08-15,SUP005,MAT008,3000,0,2025-08-29,
PO-640,2025-08-16,SUP005,MAT016,1000,1000,2025-08-29,2025-09-03
PO-641,2025-08-16,SUP005,MAT017,5000,5000,2025-08-23,2025-08-25
PO-642,2025-08-16,SUP009,MAT014,1200,1200,2025-08-24,2025-08-27
PO-643,2025-08-17,SUP005,MAT011,6000,4800,2025-08-24,2025-08-26
PO-644,2025-08-17,SUP003,MAT006,4800,4800,2025-08-26,2025-08-25
PO-645,2025-08-17,SUP003,MAT006,1000,0,2025-08-27,
PO-646,2025-08-17,SUP009,MAT010,500,500,2025-08-30,2025-09-02
PO-647,2025-08-17,SUP003,MAT003,1200,1200,2025-08-27,2025-08-31
PO-648,2025-08-18,SUP006,MAT010,500,500,2025-08-27,2025-08-27
PO-649,2025-08-18,SUP010,MAT008,3000,3000,2025-08-29,2025-09-01
PO-650,2025-08-19,SUP010,MAT012,500,0,2025-08-26,
PO-651,2025-08-19,SUP002,MAT009,5000,5000,2025-08-29,2025-08-28
PO-652,2025-08-19,SUP005,MAT012,500,500,2025-08-30,2025-09-01
PO-653,2025-08-20,SUP007,MAT009,1500,1500,2025-08-31,2025-09-02
PO-654,2025-08-21,SUP006,MAT014,500,500,2025-09-01,2025-09-01
PO-655,2025-08-21,SUP003,MAT002,1500,1500,2025-08-28,2025-08-26
PO-656,2025-08-21,SUP009,MAT014,1200,0,2025-08-30,
PO-657,2025-08-21,SUP002,MAT015,1500,1500,2025-09-03,2025-09-07
PO-658,2025-08-22,SUP005,MAT002,1000,1000,2025-08-30,2025-09-03
PO-659,2025-08-23,SUP008,MAT019,500,500,2025-09-02,2025-09-02
PO-660,2025-08-23,SUP008,MAT020,3200,3200,2025-09-02,2025-09-04
PO-661,2025-08-23,SUP006,MAT013,2000,2000,2025-09-03,2025-09-07
PO-662,2025-08-23,SUP002,MAT015,5000,5000,2025-08-31,2025-08-29
PO-663,2025-08-24,SUP008,MAT010,5000,5000,2025-09-06,2025-09-08
PO-664,2025-08-25,SUP002,MAT012,500,500,2025-09-02,2025-09-03
PO-665,2025-08-25,SUP002,MAT003,2500,2500,2025-09-08,2025-09-08
PO-666,2025-08-25,SUP006,MAT006,4800,0,2025-09-03,
PO-667,2025-08-25,SUP005,MAT005,5000,5000,2025-09-03,2025-09-01
PO-668,2025-08-25,SUP008,MAT007,5000,5000,2025-09-06,2025-09-09
PO-669,2025-08-26,SUP002,MAT006,1200,1200,2025-09-04,2025-09-02
PO-670,2025-08-26,SUP003,MAT003,1200,1200,2025-09-02,2025-09-04
PO-671,2025-08-26,SUP009,MAT012,2500,0,2025-09-07,
PO-672,2025-08-27,SUP007,MAT006,1200,1200,2025-09-08,2025-09-11
PO-673,2025-08-27,SUP003,MAT008,1500,1500,2025-09-07,2025-09-12
PO-674,2025-08-27,SUP009,MAT008,2000,2000,2025-09-08,2025-09-09
PO-675,2025-08-27,SUP006,MAT007,4800,4800,2025-09-04,2025-09-06
PO-676,2025-08-27,SUP007,MAT017,1200,1200,2025-09-05,2025-09-05
PO-677,2025-08-28,SUP006,MAT009,2500,2500,2025-09-11,2025-09-12
PO-678,2025-08-28,SUP005,MAT015,3000,0,2025-09-04,
PO-679,2025-08-29,SUP002,MAT006,500,500,2025-09-11,2025-09-16
PO-680,2025-08-29,SUP003,MAT013,1200,1200,2025-09-10,2025-09-08
PO-681,2025-08-29,SUP009,MAT014,1200,1200,2025-09-08,2025-09-07
PO-682,2025-08-30,SUP005,MAT012,5000,5000,2025-09-10,2025-09-12
PO-683,2025-08-30,SUP008,MAT020,500,500,2025-09-13,2025-09-15
PO-684,2025-08-30,SUP009,MAT003,1500,1500,2025-09-08,2025-09-10
PO-685,2025-08-31,SUP005,MAT002,5000,0,2025-09-11,
PO-686,2025-09-01,SUP002,MAT020,5000,5000,2025-09-14,2025-09-18
PO-687,2025-09-01,SUP008,MAT018,1200,0,2025-09-14,
PO-688,2025-09-04,SUP006,MAT020,3000,3000,2025-09-18,2025-09-22
PO-689,2025-09-04,SUP007,MAT004,450,450,2025-09-25,2025-09-27
PO-690,2025-09-04,SUP007,MAT008,2500,2500,2025-09-11,2025-09-11
PO-691,2025-09-04,SUP007,MAT009,3000,3000,2025-09-16,2025-09-14
PO-692,2025-09-04,SUP004,MAT013,4800,4800,2025-09-16,2025-09-20
PO-693,2025-09-05,SUP005,MAT004,1000,1000,2025-09-17,2025-09-18
PO-694,2025-09-05,SUP003,MAT018,5000,5000,2025-09-12,2025-09-15
PO-695,2025-09-06,SUP008,MAT001,1200,1200,2025-09-16,2025-09-15
PO-696,2025-09-07,SUP009,MAT015,1500,1500,2025-09-17,2025-09-22
PO-697,2025-09-07,SUP007,MAT001,4800,4800,2025-09-18,2025-09-23
PO-698,2025-09-07,SUP010,MAT002,1500,1500,2025-09-15,2025-09-16
PO-699,2025-09-08,SUP008,MAT009,3000,3000,2025-09-16,2025-09-20
PO-700,2025-09-08,SUP009,MAT013,1000,0,2025-09-22,
PO-701,2025-09-08,SUP009,MAT002,4800,4800,2025-09-20,2025-09-21
PO-702,2025-09-09,SUP003,MAT019,1200,1200,2025-09-22,2025-09-27
PO-703,2025-09-09,SUP004,MAT016,12000,12000,2025-09-23,2025-09-24
PO-704,2025-09-10,SUP005,MAT007,4800,4800,2025-09-18,2025-09-18
PO-705,2025-09-12,SUP005,MAT005,1500,1500,2025-09-20,2025-09-20
PO-706,2025-09-13,SUP005,MAT016,1500,1500,2025-09-23,2025-09-27
PO-707,2025-09-13,SUP003,MAT017,500,500,2025-09-21,2025-09-22
PO-708,2025-09-14,SUP009,MAT013,2500,2500,2025-09-26,2025-10-01
PO-709,2025-09-15,SUP005,MAT008,1500,1500,2025-09-23,2025-09-25
PO-710,2025-09-15,SUP005,MAT013,2000,2000,2025-09-29,2025-10-04
PO-711,2025-09-15,SUP004,MAT012,2500,2500,2025-09-23,2025-09-25
PO-712,2025-09-16,SUP003,MAT006,2000,2000,2025-09-24,2025-09-24
PO-713,2025-09-16,SUP004,MAT006,2000,2000,2025-09-27,2025-10-01
PO-714,2025-09-17,SUP008,MAT013,1500,1500,2025-09-24,2025-09-25
PO-715,2025-09-18,SUP009,MAT009,3000,3000,2025-09-25,2025-09-24
PO-716,2025-09-19,SUP009,MAT010,1200,1200,2025-09-28,2025-09-30
PO-717,2025-09-19,SUP003,MAT020,2000,2000,2025-09-28,2025-09-26
PO-718,2025-09-20,SUP004,MAT006,2500,2500,2025-09-28,2025-10-01
PO-719,2025-09-20,SUP006,MAT004,1500,1500,2025-10-03,2025-10-05
PO-720,2025-09-20,SUP005,MAT001,4800,4800,2025-10-01,2025-10-01
PO-721,2025-09-20,SUP003,MAT016,4800,4800,2025-10-01,2025-09-29
PO-722,2025-09-21,SUP004,MAT017,1200,1200,2025-09-29,2025-10-02
PO-723,2025-09-21,SUP007,MAT014,500,500,2025-10-01,2025-10-02
PO-724,2025-09-21,SUP002,MAT001,500,500,2025-10-02,2025-10-07
PO-725,2025-09-21,SUP002,MAT019,5000,5000,2025-10-04,2025-10-06
PO-726,2025-09-23,SUP010,MAT015,2500,0,2025-10-02,
PO-727,2025-09-24,SUP005,MAT014,1600,1600,2025-10-01,2025-10-03
PO-728,2025-09-25,SUP004,MAT009,1500,1500,2025-10-06,2025-10-10
PO-729,2025-09-25,SUP007,MAT013,1000,1000,2025-10-09,2025-10-07
PO-730,2025-09-26,SUP006,MAT003,1500,1500,2025-10-05,2025-10-05
PO-731,2025-09-26,SUP004,MAT015,5000,0,2025-10-03,
PO-732,2025-09-26,SUP008,MAT013,5000,0,2025-10-05,
PO-733,2025-09-26,SUP008,MAT020,2500,2500,2025-10-06,2025-10-04
PO-734,2025-09-26,SUP004,MAT002,2000,2000,2025-10-06,2025-10-11
PO-735,2025-09-27,SUP005,MAT016,5000,0,2025-10-06,
PO-736,2025-09-28,SUP003,MAT009,1200,1200,2025-10-12,2025-10-12
PO-737,2025-09-28,SUP010,MAT020,1200,1200,2025-10-09,2025-10-14
PO-738,2025-09-28,SUP009,MAT011,1500,1500,2025-10-12,2025-10-15
PO-739,2025-09-28,SUP002,MAT004,3000,3000,2025-10-12,2025-10-15
PO-740,2025-09-28,SUP009,MAT007,500,0,2025-10-12,
PO-741,2025-09-28,SUP007,MAT011,2000,2000,2025-10-10,2025-10-15
PO-742,2025-09-28,SUP004,MAT014,5000,5000,2025-10-05,2025-10-10
PO-743,2025-09-29,SUP007,MAT020,2000,2000,2025-10-12,2025-10-16
PO-744,2025-09-29,SUP002,MAT017,500,500,2025-10-13,2025-10-12
PO-745,2025-09-30,SUP003,MAT015,5000,5000,2025-10-12,2025-10-13
PO-746,2025-09-30,SUP003,MAT016,1500,1500,2025-10-13,2025-10-15
PO-747,2025-09-30,SUP007,MAT018,4800,4800,2025-10-12,2025-10-11
PO-748,2025-09-30,SUP005,MAT019,4800,4800,2025-10-12,2025-10-15
PO-749,2025-09-30,SUP010,MAT012,1200,1200,2025-10-07,2025-10-12
PO-750,2025-09-30,SUP004,MAT008,1000,1000,2025-10-09,2025-10-12
PO-751,2025-09-30,SUP008,MAT011,4800,4800,2025-10-12,2025-10-15
PO-752,2025-10-01,SUP007,MAT007,1000,1000,2025-10-11,2025-10-10
PO-753,2025-10-02,SUP010,MAT012,500,500,2025-10-13,2025-10-11
PO-754,2025-10-02,SUP010,MAT007,2000,2000,2025-10-16,2025-10-14
PO-755,2025-10-02,SUP002,MAT014,1500,1500,2025-10-16,2025-10-19
PO-756,2025-10-02,SUP005,MAT013,5000,5000,2025-10-14,2025-10-18
PO-757,2025-10-02,SUP008,MAT020,3000,3000,2025-10-14,2025-10-14
PO-758,2025-10-02,SUP010,MAT005,3000,3000,2025-10-12,2025-10-10
PO-759,2025-10-03,SUP007,MAT011,1000,1000,2025-10-16,2025-10-20
PO-760,2025-10-03,SUP010,MAT018,4800,4800,2025-10-12,2025-10-11
PO-761,2025-10-04,SUP003,MAT008,3000,3000,2025-10-13,2025-10-11
PO-762,2025-10-04,SUP004,MAT014,1500,0,2025-10-13,
PO-763,2025-10-04,SUP009,MAT002,4800,4800,2025-10-13,2025-10-11
PO-764,2025-10-05,SUP002,MAT012,1500,1500,2025-10-14,2025-10-16
PO-765,2025-10-05,SUP002,MAT013,5000,5000,2025-10-16,2025-10-21
PO-766,2025-10-06,SUP008,MAT018,1200,0,2025-10-17,
PO-767,2025-10-06,SUP007,MAT013,500,500,2025-10-20,2025-10-24
PO-768,2025-10-07,SUP008,MAT004,2500,2500,2025-10-14,2025-10-15
PO-769,2025-10-07,SUP003,MAT012,1200,1200,2025-10-15,2025-10-14
PO-770,2025-10-07,SUP009,MAT013,2000,2000,2025-10-14,2025-10-13
PO-771,2025-10-07,SUP009,MAT002,500,500,2025-10-17,2025-10-17
PO-772,2025-10-08,SUP008,MAT019,6000,6000,2025-10-15,2025-10-16
PO-773,2025-10-08,SUP003,MAT011,1200,1200,2025-10-21,2025-10-23
PO-774,2025-10-08,SUP010,MAT015,4800,4800,2025-10-16,2025-10-21
PO-775,2025-10-08,SUP005,MAT017,3000,0,2025-10-21,
PO-776,2025-10-09,SUP004,MAT016,1000,0,2025-10-21,
PO-777,2025-10-09,SUP010,MAT011,4800,4800,2025-10-18,2025-10-16
PO-778,2025-10-09,SUP006,MAT015,1500,0,2025-10-20,
PO-779,2025-10-10,SUP006,MAT003,2500,0,2025-10-21,
PO-780,2025-10-10,SUP008,MAT016,1000,1000,2025-10-24,2025-10-23
PO-781,2025-10-10,SUP004,MAT019,500,500,2025-10-17,2025-10-15
PO-782,2025-10-10,SUP005,MAT018,1200,1200,2025-10-20,2025-10-24
PO-783,2025-10-11,SUP007,MAT011,2500,2500,2025-10-22,2025-10-21
PO-784,2025-10-11,SUP006,MAT014,1000,1000,2025-10-19,2025-10-20
PO-785,2025-10-11,SUP010,MAT008,1200,1200,2025-11-01,2025-11-06
PO-786,2025-10-12,SUP003,MAT003,1500,1500,2025-10-23,2025-10-25
PO-787,2025-10-12,SUP005,MAT002,2000,2000,2025-10-22,2025-10-27
PO-788,2025-10-13,SUP006,MAT003,1500,0,2025-10-24,
PO-789,2025-10-13,SUP002,MAT004,1200,1200,2025-10-26,2025-10-25
PO-790,2025-10-13,SUP010,MAT020,2500,2500,2025-10-25,2025-10-29
PO-791,2025-10-13,SUP010,MAT001,2000,2000,2025-10-22,2025-10-20
PO-792,2025-10-15,SUP002,MAT011,500,500,2025-10-29,2025-10-27
PO-793,2025-10-15,SUP002,MAT008,3000,3000,2025-10-23,2025-10-26
PO-794,2025-10-15,SUP006,MAT016,2500,2500,2025-10-25,2025-10-28
PO-795,2025-10-15,SUP009,MAT013,1500,1500,2025-10-29,2025-10-30
PO-796,2025-10-16,SUP003,MAT007,1500,1500,2025-10-27,2025-10-25
PO-797,2025-10-16,SUP003,MAT002,2000,2000,2025-10-25,2025-10-28
PO-798,2025-10-16,SUP003,MAT014,500,0,2025-10-28,
PO-799,2025-10-17,SUP002,MAT002,5000,5000,2025-10-27,2025-10-25
PO-800,2025-10-17,SUP009,MAT003,4800,0,2025-10-30,
PO-801,2025-10-17,SUP004,MAT011,1000,1000,2025-10-26,2025-10-24
PO-802,2025-10-17,SUP008,MAT017,3000,3000,2025-10-28,2025-11-01
PO-803,2025-10-17,SUP003,MAT018,2500,2500,2025-10-31,2025-11-01
PO-804,2025-10-18,SUP004,MAT010,2500,2500,2025-10-27,2025-10-28
PO-805,2025-10-18,SUP010,MAT005,2000,2000,2025-10-27,2025-10-26
PO-806,2025-10-18,SUP009,MAT018,1200,1200,2025-10-26,2025-10-30
PO-807,2025-10-18,SUP003,MAT011,2500,2500,2025-10-26,2025-10-26
PO-808,2025-10-19,SUP006,MAT018,1000,1000,2025-10-26,2025-10-26
PO-809,2025-10-19,SUP005,MAT011,4800,4800,2025-10-29,2025-11-01
PO-810,2025-10-19,SUP002,MAT003,2500,2500,2025-10-29,2025-10-30
PO-811,2025-10-20,SUP003,MAT001,3000,3000,2025-10-29,2025-10-31
PO-812,2025-10-21,SUP003,MAT013,4800,4800,2025-10-31,2025-11-02
PO-813,2025-10-21,SUP003,MAT015,5000,5000,2025-11-01,2025-10-31
PO-814,2025-10-21,SUP003,MAT013,1500,0,2025-11-04,
PO-815,2025-10-21,SUP009,MAT015,4800,4800,2025-11-02,2025-11-06
PO-816,2025-10-22,SUP005,MAT020,5000,5000,2025-11-03,2025-11-03
PO-817,2025-10-24,SUP005,MAT011,3000,3000,2025-10-31,2025-11-02
PO-818,2025-10-25,SUP007,MAT007,5000,5000,2025-11-04,2025-11-03
PO-819,2025-10-25,SUP007,MAT017,500,500,2025-11-04,2025-11-08
PO-820,2025-10-26,SUP005,MAT016,3000,3000,2025-11-06,2025-11-05
PO-821,2025-10-26,SUP009,MAT001,5000,5000,2025-11-06,2025-11-06
PO-822,2025-10-26,SUP003,MAT013,1500,1500,2025-11-03,2025-11-01
PO-823,2025-10-27,SUP002,MAT013,5000,5000,2025-11-04,2025-11-05
PO-824,2025-10-27,SUP003,MAT015,3000,3000,2025-11-08,2025-11-09
PO-825,2025-10-28,SUP003,MAT011,1500,0,2025-11-05,
PO-826,2025-10-28,SUP003,MAT007,500,500,2025-11-04,2025-11-02
PO-827,2025-10-28,SUP003,MAT004,2500,2500,2025-11-07,2025-11-09
PO-828,2025-10-29,SUP003,MAT014,3000,3000,2025-11-12,2025-11-11
PO-829,2025-10-29,SUP009,MAT011,4800,4800,2025-11-05,2025-11-07
PO-830,2025-10-30,SUP010,MAT010,2000,2000,2025-11-11,2025-11-14
PO-831,2025-10-30,SUP004,MAT018,5000,5000,2025-11-06,2025-11-07
PO-832,2025-10-30,SUP008,MAT016,5000,5000,2025-11-12,2025-11-10
PO-833,2025-10-31,SUP010,MAT005,3000,3000,2025-11-07,2025-11-07
PO-834,2025-10-31,SUP010,MAT003,2500,2500,2025-11-12,2025-11-17
PO-835,2025-10-31,SUP007,MAT020,4800,4800,2025-11-12,2025-11-17
PO-836,2025-11-01,SUP002,MAT013,2500,2500,2025-11-12,2025-11-12
PO-837,2025-11-01,SUP009,MAT002,2000,2000,2025-11-09,2025-11-12
PO-838,2025-11-01,SUP006,MAT001,1500,0,2025-11-15,
PO-839,2025-11-01,SUP003,MAT018,2000,2000,2025-11-09,2025-11-09
PO-840,2025-11-01,SUP007,MAT013,2500,2500,2025-11-12,2025-11-17
PO-841,2025-11-02,SUP002,MAT018,1200,1200,2025-11-15,2025-11-13
PO-842,2025-11-02,SUP005,MAT020,500,500,2025-11-09,2025-11-10
PO-843,2025-11-03,SUP009,MAT009,3000,0,2025-11-11,
PO-844,2025-11-03,SUP002,MAT011,5000,5000,2025-11-16,2025-11-19
PO-845,2025-11-03,SUP005,MAT020,5000,5000,2025-11-14,2025-11-18
PO-846,2025-11-03,SUP002,MAT019,2500,2500,2025-11-10,2025-11-11
PO-847,2025-11-04,SUP008,MAT014,2000,2000,2025-11-13,2025-11-16
PO-848,2025-11-04,SUP009,MAT004,1000,1000,2025-11-14,2025-11-13
PO-849,2025-11-04,SUP002,MAT010,1200,1200,2025-11-11,2025-11-11
PO-850,2025-11-05,SUP005,MAT013,4800,4800,2025-11-12,2025-11-12
PO-851,2025-11-06,SUP005,MAT001,1500,1500,2025-11-17,2025-11-17
PO-852,2025-11-06,SUP010,MAT008,500,500,2025-11-20,2025-11-24
PO-853,2025-11-07,SUP005,MAT018,2500,2500,2025-11-17,2025-11-19
PO-854,2025-11-07,SUP005,MAT017,2000,2000,2025-11-20,2025-11-20
PO-855,2025-11-07,SUP006,MAT015,4800,4800,2025-11-16,2025-11-18
PO-856,2025-11-08,SUP006,MAT016,5000,5000,2025-11-17,2025-11-20
PO-857,2025-11-08,SUP006,MAT006,2000,2000,2025-11-20,2025-11-22
PO-858,2025-11-09,SUP009,MAT010,2000,2000,2025-11-23,2025-11-26
PO-859,2025-11-09,SUP005,MAT009,2000,2000,2025-11-22,2025-11-25
PO-860,2025-11-09,SUP006,MAT002,5000,5000,2025-11-20,2025-11-23
PO-861,2025-11-09,SUP010,MAT014,1500,0,2025-11-21,
PO-862,2025-11-10,SUP008,MAT019,3000,3000,2025-11-18,2025-11-18
PO-863,2025-11-10,SUP010,MAT016,3000,3000,2025-11-24,2025-11-22
PO-864,2025-11-11,SUP004,MAT007,3000,3000,2025-11-23,2025-11-24
PO-865,2025-11-11,SUP010,MAT020,5000,5000,2025-11-24,2025-11-27
PO-866,2025-11-11,SUP005,MAT009,1500,1500,2025-11-18,2025-11-17
PO-867,2025-11-11,SUP007,MAT006,5000,0,2025-11-18,
PO-868,2025-11-11,SUP010,MAT019,2000,2000,2025-11-21,2025-11-24
PO-869,2025-11-12,SUP010,MAT020,500,500,2025-11-20,2025-11-22
PO-870,2025-11-12,SUP004,MAT007,5000,5000,2025-11-22,2025-11-25
PO-871,2025-11-12,SUP002,MAT009,2000,2000,2025-11-20,2025-11-24
PO-872,2025-11-12,SUP008,MAT001,500,500,2025-11-26,2025-11-27
PO-873,2025-11-13,SUP004,MAT015,5000,5000,2025-11-23,2025-11-22
PO-874,2025-11-13,SUP003,MAT003,1200,1200,2025-11-25,2025-11-26
PO-875,2025-11-13,SUP003,MAT008,500,500,2025-11-25,2025-11-23
PO-876,2025-11-14,SUP004,MAT009,1500,1500,2025-11-21,2025-11-20
PO-877,2025-11-14,SUP002,MAT016,5000,5000,2025-11-23,2025-11-23
PO-878,2025-11-14,SUP007,MAT003,4800,4800,2025-11-28,2025-11-28
PO-879,2025-11-15,SUP005,MAT002,4800,4800,2025-11-29,2025-12-01
PO-880,2025-11-16,SUP008,MAT012,2000,0,2025-11-23,
PO-881,2025-11-16,SUP005,MAT008,5000,5000,2025-11-27,2025-11-30
PO-882,2025-11-16,SUP002,MAT011,5000,5000,2025-11-24,2025-11-27
PO-883,2025-11-16,SUP005,MAT002,3000,3000,2025-11-27,2025-11-30
PO-884,2025-11-17,SUP009,MAT014,4800,4800,2025-11-26,2025-11-24
PO-885,2025-11-17,SUP004,MAT014,1200,1200,2025-11-30,2025-11-29
PO-886,2025-11-18,SUP009,MAT019,5000,5000,2025-11-26,2025-11-28
PO-887,2025-11-19,SUP005,MAT015,5000,5000,2025-11-26,2025-11-29
PO-888,2025-11-20,SUP007,MAT005,500,500,2025-11-29,2025-11-29
PO-889,2025-11-20,SUP007,MAT020,500,500,2025-11-30,2025-12-04
PO-890,2025-11-20,SUP008,MAT012,2500,2500,2025-12-02,2025-12-02
PO-891,2025-11-21,SUP008,MAT020,1000,1000,2025-11-30,2025-11-28
PO-892,2025-11-21,SUP008,MAT011,5000,5000,2025-11-28,2025-11-26
PO-893,2025-11-21,SUP006,MAT003,3000,3000,2025-11-29,2025-12-01
PO-894,2025-11-21,SUP010,MAT020,1200,1200,2025-11-28,2025-11-26
PO-895,2025-11-22,SUP010,MAT010,4800,4800,2025-12-05,2025-12-07
PO-896,2025-11-22,SUP003,MAT002,2500,2500,2025-12-06,2025-12-08
PO-897,2025-11-23,SUP009,MAT006,1000,0,2025-11-30,
PO-898,2025-11-24,SUP008,MAT014,1500,1500,2025-12-01,2025-12-05
PO-899,2025-11-24,SUP009,MAT008,2000,2000,2025-12-01,2025-12-04
PO-900,2025-11-24,SUP007,MAT019,1500,1500,2025-12-01,2025-12-06
PO-901,2025-11-24,SUP002,MAT018,1500,1500,2025-12-07,2025-12-07
PO-902,2025-11-24,SUP004,MAT015,3000,3000,2025-12-05,2025-12-03
PO-903,2025-11-24,SUP006,MAT017,500,500,2025-12-08,2025-12-12
PO-904,2025-11-24,SUP006,MAT009,2500,2500,2025-12-03,2025-12-08
PO-905,2025-11-24,SUP010,MAT016,1000,0,2025-12-06,
PO-906,2025-11-25,SUP009,MAT019,1200,1200,2025-12-07,2025-12-11
PO-907,2025-11-26,SUP002,MAT019,1000,1000,2025-12-05,2025-12-04
PO-908,2025-11-27,SUP004,MAT009,3000,3000,2025-12-06,2025-12-11
PO-909,2025-11-27,SUP006,MAT019,1000,1000,2025-12-06,2025-12-05
PO-910,2025-11-27,SUP002,MAT016,3000,0,2025-12-05,
PO-911,2025-11-28,SUP007,MAT019,2500,0,2025-12-12,
PO-912,2025-11-28,SUP005,MAT019,1500,1500,2025-12-11,2025-12-13
PO-913,2025-11-28,SUP005,MAT016,4800,4800,2025-12-12,2025-12-17
PO-914,2025-11-30,SUP008,MAT002,1000,1000,2025-12-12,2025-12-16
PO-915,2025-12-01,SUP006,MAT006,1200,1200,2025-12-12,2025-12-15
PO-916,2025-12-01,SUP002,MAT002,2500,2500,2025-12-15,2025-12-13
PO-917,2025-12-01,SUP008,MAT020,5000,5000,2025-12-15,2025-12-14
PO-918,2025-12-02,SUP007,MAT013,1200,1200,2025-12-11,2025-12-16
PO-919,2025-12-02,SUP004,MAT018,1000,1000,2025-12-09,2025-12-12
PO-920,2025-12-03,SUP004,MAT008,5000,5000,2025-12-10,2025-12-09
PO-921,2025-12-03,SUP005,MAT003,4800,4800,2025-12-14,2025-12-16
PO-922,2025-12-03,SUP003,MAT014,1200,1200,2025-12-10,2025-12-13
PO-923,2025-12-04,SUP002,MAT014,1000,1000,2025-12-17,2025-12-17
PO-924,2025-12-04,SUP002,MAT003,5000,5000,2025-12-14,2025-12-12
PO-925,2025-12-04,SUP002,MAT010,3000,3000,2025-12-15,2025-12-19
PO-926,2025-12-05,SUP006,MAT007,1500,1500,2025-12-12,2025-12-13
PO-927,2025-12-05,SUP010,MAT001,2000,2000,2025-12-14,2025-12-19
PO-928,2025-12-06,SUP004,MAT005,1000,1000,2025-12-18,2025-12-20
PO-929,2025-12-06,SUP004,MAT012,1000,1000,2025-12-15,2025-12-13
PO-930,2025-12-06,SUP005,MAT008,1200,1200,2025-12-13,2025-12-13
PO-931,2025-12-06,SUP005,MAT009,2000,2000,2025-12-17,2025-12-19
PO-932,2025-12-08,SUP004,MAT017,4800,0,2025-12-17,
PO-933,2025-12-08,SUP009,MAT002,1000,1000,2025-12-16,2025-12-14
PO-934,2025-12-08,SUP007,MAT017,1500,0,2025-12-18,
PO-935,2025-12-08,SUP002,MAT006,2000,2000,2025-12-19,2025-12-22
PO-936,2025-12-09,SUP002,MAT005,5000,5000,2025-12-23,2025-12-26
PO-937,2025-12-09,SUP005,MAT016,1200,0,2025-12-19,
PO-938,2025-12-11,SUP010,MAT012,5000,5000,2025-12-22,2025-12-21
PO-939,2025-12-11,SUP009,MAT009,4800,4800,2025-12-18,2025-12-23
PO-940,2025-12-11,SUP002,MAT011,1000,1000,2025-12-22,2025-12-26
PO-941,2025-12-12,SUP007,MAT011,5000,5000,2025-12-22,2025-12-27
PO-942,2025-12-12,SUP003,MAT001,2500,2500,2025-12-25,2025-12-29
PO-943,2025-12-12,SUP009,MAT018,500,500,2025-12-26,2025-12-24
PO-944,2025-12-12,SUP007,MAT007,500,500,2025-12-22,2025-12-23
PO-945,2025-12-13,SUP002,MAT019,4800,4800,2025-12-22,2025-12-21
PO-946,2025-12-13,SUP006,MAT011,1200,1200,2025-12-25,2025-12-29
PO-947,2025-12-14,SUP006,MAT015,2000,2000,2025-12-22,2025-12-21
PO-948,2025-12-14,SUP003,MAT012,1200,1200,2025-12-26,2025-12-31
PO-949,2025-12-15,SUP006,MAT014,2000,0,2025-12-28,
PO-950,2025-12-15,SUP005,MAT019,1000,1000,2025-12-22,2025-12-20
PO-951,2025-12-15,SUP010,MAT020,500,500,2025-12-26,2025-12-28
PO-952,2025-12-16,SUP009,MAT009,2500,2500,2025-12-27,2025-12-29
PO-953,2025-12-16,SUP007,MAT014,1000,1000,2025-12-24,2025-12-23
PO-954,2025-12-16,SUP005,MAT013,2500,0,2025-12-23,
PO-955,2025-12-16,SUP004,MAT002,500,500,2025-12-23,2025-12-23
PO-956,2025-12-16,SUP005,MAT008,2500,2500,2025-12-29,2025-12-30
PO-957,2025-12-18,SUP010,MAT004,500,500,2025-12-26,2025-12-31
PO-958,2025-12-18,SUP003,MAT018,1500,1500,2025-12-27,2025-12-28
PO-959,2025-12-19,SUP002,MAT001,500,500,2025-12-26,2025-12-24
PO-960,2025-12-19,SUP005,MAT005,5000,5000,2025-12-27,2025-12-29
PO-961,2025-12-19,SUP009,MAT017,2500,2500,2025-12-31,2026-01-05
PO-962,2025-12-20,SUP004,MAT013,1200,1200,2026-01-03,2026-01-06
PO-963,2025-12-20,SUP007,MAT013,2500,2500,2025-12-27,2026-01-01
PO-964,2025-12-21,SUP004,MAT004,3000,3000,2025-12-29,2026-01-01
PO-965,2025-12-21,SUP003,MAT016,1000,1000,2025-12-29,2025-12-29
PO-966,2025-12-21,SUP003,MAT013,2500,2500,2025-12-29,2025-12-31
PO-967,2025-12-21,SUP004,MAT003,1000,0,2026-01-01,
PO-968,2025-12-21,SUP004,MAT014,1200,1200,2026-01-04,2026-01-09
PO-969,2025-12-21,SUP002,MAT013,3000,3000,2025-12-28,2025-12-29
PO-970,2025-12-21,SUP007,MAT016,2000,2000,2026-01-01,2026-01-01
PO-971,2025-12-21,SUP010,MAT019,3000,3000,2025-12-31,2026-01-01
PO-972,2025-12-21,SUP008,MAT017,500,500,2026-01-02,2025-12-31
PO-973,2025-12-22,SUP008,MAT006,1000,1000,2025-12-29,2026-01-01
PO-974,2025-12-22,SUP007,MAT002,2500,2500,2026-01-02,2026-01-03
PO-975,2025-12-22,SUP005,MAT004,3000,3000,2026-01-04,2026-01-02
PO-976,2025-12-23,SUP005,MAT017,500,500,2026-01-05,2026-01-06
PO-977,2025-12-23,SUP008,MAT020,2000,2000,2026-01-03,2026-01-03
PO-978,2025-12-23,SUP002,MAT011,5000,5000,2026-01-06,2026-01-07
PO-979,2025-12-23,SUP002,MAT014,1000,0,2026-01-06,
PO-980,2025-12-25,SUP003,MAT020,1500,1500,2026-01-04,2026-01-03
PO-981,2025-12-25,SUP002,MAT014,1000,1000,2026-01-05,2026-01-08
PO-982,2025-12-26,SUP007,MAT011,3000,3000,2026-01-03,2026-01-08
PO-983,2025-12-26,SUP006,MAT011,5000,5000,2026-01-02,2026-01-06
PO-984,2025-12-26,SUP007,MAT006,5000,5000,2026-01-07,2026-01-11
PO-985,2025-12-26,SUP003,MAT015,500,0,2026-01-02,
PO-986,2025-12-26,SUP004,MAT001,1000,1000,2026-01-09,2026-01-13
PO-987,2025-12-27,SUP005,MAT009,4800,4800,2026-01-09,2026-01-14
PO-988,2025-12-27,SUP009,MAT009,1000,1000,2026-01-07,2026-01-11
PO-989,2025-12-28,SUP008,MAT010,1200,0,2026-01-06,
PO-990,2025-12-30,SUP005,MAT007,1200,1200,2026-01-12,2026-01-14
PO-991,2025-12-30,SUP002,MAT003,1200,1200,2026-01-09,2026-01-07
PO-992,2025-12-30,SUP005,MAT007,1200,0,2026-01-12,
PO-993,2025-12-30,SUP008,MAT002,2500,0,2026-01-08,
PO-994,2025-12-30,SUP003,MAT018,1500,1500,2026-01-06,2026-01-11
PO-995,2025-12-30,SUP008,MAT020,4800,0,2026-01-06,
PO-996,2025-12-31,SUP006,MAT020,500,0,2026-01-13,
PO-997,2025-12-31,SUP002,MAT009,1000,1000,2026-01-11,2026-01-16
PO-998,2025-12-31,SUP005,MAT011,1200,1200,2026-01-14,2026-01-13
PO-999,2025-12-31,SUP002,MAT005,4800,4800,2026-01-14,2026-01-14
PO-1000,2025-12-31,SUP010,MAT009,5000,5000,2026-01-11,2026-01-14
